"STATE","COUNTY","TRACT1","NAME","TOTAL","MEDIANHOUSEINCOME","MEDIANFAMINCOME","BLACK","ASIAN","HISPANIC","WHITE","EMPLOYED","UNEMPLOYED","INLABORFORCE","POVERTY","VACANTTOTAL","OTHERVACANT","VACANTFORRENT","SEASONALVACANT","FORSALEVACANT","HOUSEHOLDRECEIVEDSNAP","HOUSEHOLDS","OWNEROCCUPIED","RENTEROCCUPIED","TOTALHOUSINGUNITS","LACKINGKITCHENFACILITIES","LACKINGPLUMBING","MEDIANMONTHLYHOUSINGCOSTS","LESS18","SINGLEMOTHERBELOWPOVERTY","TRAVELTIMETOWORKMIN","ENROLLEDINSCHOOL","YEAR","TRACT","MALEUNEMPLOYED","FEMALEUNEMPLOYED","MALELABORFORCE","FEMALELABORFORCE","TOTALFORPOVERTY","AGGREGATETRAVELTIMETOWORK","HOUSINGVALUES"
"36","067",1,"Census Tract 1",393,23977,51563,25,3,12,344,NA,NA,NA,75,47,8,25,1,10,NA,262,88,174,309,5,0,NA,NA,NA,NA,7,2000,"36067000100",19,7,123,78,402,40,72100
"36","067",2,"Census Tract 2",3279,24338,29231,239,140,122,2657,NA,NA,NA,878,210,79,86,2,26,NA,1417,582,835,1627,25,24,NA,NA,NA,NA,84,2000,"36067000200",77,50,784,707,3265,187,59100
"36","067",3,"Census Tract 3",1604,33625,33810,81,24,63,1430,NA,NA,NA,157,41,19,6,1,8,NA,675,463,212,716,0,0,NA,NA,NA,NA,52,2000,"36067000300",4,19,395,408,1607,47,66200
"36","067",4,"Census Tract 4",3630,35889,39244,97,36,37,3406,NA,NA,NA,246,99,28,18,3,40,NA,1551,1091,460,1650,5,24,NA,NA,NA,NA,102,2000,"36067000400",59,28,890,899,3606,171,68800
"36","067",5,"Census Tract 5",1251,18135,22679,115,78,45,935,NA,NA,NA,453,148,37,88,1,17,NA,529,102,427,677,20,12,NA,NA,NA,NA,34,2000,"36067000500",31,27,291,275,1248,53,44400
"36","067",6,"Census Tract 6",3160,23374,33721,307,181,148,2419,NA,NA,NA,708,205,47,109,1,41,NA,1445,424,1021,1650,32,0,NA,NA,NA,NA,112,2000,"36067000600",49,128,712,794,3160,156,50900
"36","067",7,"Census Tract 7",1630,28214,31422,124,161,52,1259,NA,NA,NA,321,78,12,47,2,15,NA,659,311,348,737,12,6,NA,NA,NA,NA,27,2000,"36067000700",0,33,340,329,1611,104,53700
"36","067",8,"Census Tract 8",2422,29402,31607,181,101,58,2024,NA,NA,NA,446,140,50,49,6,22,NA,1029,499,530,1169,0,9,NA,NA,NA,NA,102,2000,"36067000800",22,63,620,593,2409,137,58600
"36","067",9,"Census Tract 9",3359,45511,59226,101,69,58,3118,NA,NA,NA,252,78,17,34,8,12,NA,1445,933,512,1523,0,6,NA,NA,NA,NA,93,2000,"36067000900",45,26,935,939,3359,128,105300
"36","067",10,"Census Tract 10",3936,21271,31076,559,53,163,3130,NA,NA,NA,1158,159,53,76,10,13,NA,2073,688,1385,2232,0,0,NA,NA,NA,NA,92,2000,"36067001000",96,61,975,984,3929,238,66400
"36","067",13,"Census Tract 13",1130,16149,20909,184,151,59,659,NA,NA,NA,343,135,40,70,2,19,NA,493,60,433,628,12,6,NA,NA,NA,NA,41,2000,"36067001300",42,37,241,233,1068,46,47900
"36","067",14,"Census Tract 14",2642,18701,25417,286,393,110,1749,NA,NA,NA,923,261,54,142,7,50,NA,1042,319,723,1303,32,5,NA,NA,NA,NA,83,2000,"36067001400",59,48,516,548,2679,102,44200
"36","067",15,"Census Tract 15",2249,25984,29853,221,200,131,1581,NA,NA,NA,678,170,14,108,3,34,NA,947,315,632,1117,13,0,NA,NA,NA,NA,75,2000,"36067001500",97,35,673,485,2272,149,50500
"36","067",16,"Census Tract 16",2807,20303,24245,601,131,111,1931,NA,NA,NA,676,341,18,287,25,6,NA,1591,46,1545,1932,47,0,NA,NA,NA,NA,39,2000,"36067001600",24,50,630,486,2259,190,55000
"36","067",17.01,"Census Tract 17.01",2283,31221,30500,264,14,101,1828,NA,NA,NA,459,158,33,84,8,30,NA,1024,466,558,1182,5,0,NA,NA,NA,NA,76,2000,"36067001701",46,93,608,615,2190,109,60900
"36","067",17.02,"Census Tract 17.02",2578,40085,44292,149,15,46,2296,NA,NA,NA,362,101,30,39,2,23,NA,1108,623,485,1209,12,0,NA,NA,NA,NA,86,2000,"36067001702",22,21,728,627,2661,106,69400
"36","067",18,"Census Tract 18",2731,34167,44643,78,15,66,2534,NA,NA,NA,270,98,23,40,2,20,NA,1286,673,613,1384,75,0,NA,NA,NA,NA,50,2000,"36067001800",42,35,702,744,2724,68,70500
"36","067",19,"Census Tract 19",4083,34224,49936,157,47,51,3760,NA,NA,NA,452,103,26,37,5,33,NA,1909,1267,642,2012,44,7,NA,NA,NA,NA,118,2000,"36067001900",35,38,1120,1047,4063,253,72100
"36","067",20,"Census Tract 20",2158,27222,28480,68,10,68,1911,NA,NA,NA,496,160,36,75,1,28,NA,924,437,487,1084,14,8,NA,NA,NA,NA,76,2000,"36067002000",57,9,504,500,2127,71,53100
"36","067",21,"Census Tract 21",1734,21555,24500,220,12,159,1262,NA,NA,NA,499,211,39,133,2,32,NA,786,248,538,997,11,10,NA,NA,NA,NA,55,2000,"36067002100",46,33,429,371,1746,100,35000
"36","067",22,"Census Tract 22",1027,16250,21481,183,5,92,711,NA,NA,NA,335,145,24,93,3,25,NA,428,113,315,573,33,10,NA,NA,NA,NA,20,2000,"36067002200",39,11,212,229,1076,109,38500
"36","067",23,"Census Tract 23",1976,19135,23558,436,180,103,1197,NA,NA,NA,613,330,51,244,4,20,NA,1048,85,963,1378,149,100,NA,NA,NA,NA,65,2000,"36067002300",114,28,567,376,1846,155,39300
"36","067",24,"Census Tract 24",1760,20329,19500,419,19,86,1138,NA,NA,NA,628,192,39,108,3,20,NA,769,178,591,961,0,13,NA,NA,NA,NA,100,2000,"36067002400",55,35,440,396,1735,60,52800
"36","067",27,"Census Tract 27",1897,28006,33176,35,6,31,1768,NA,NA,NA,278,82,11,45,5,17,NA,935,359,576,1017,11,11,NA,NA,NA,NA,33,2000,"36067002700",58,19,590,492,1832,71,67600
"36","067",28,"Census Tract 28",1907,38482,44432,21,13,37,1809,NA,NA,NA,349,71,5,42,3,12,NA,857,437,420,928,11,0,NA,NA,NA,NA,27,2000,"36067002800",25,25,573,536,1928,87,65700
"36","067",29,"Census Tract 29",954,31149,36406,44,21,27,829,NA,NA,NA,172,46,3,26,3,12,NA,464,165,299,510,7,0,NA,NA,NA,NA,42,2000,"36067002900",32,20,359,248,965,16,60800
"36","067",30,"Census Tract 30",2160,11200,14255,851,10,626,807,NA,NA,NA,1092,145,16,93,0,21,NA,819,110,709,964,14,21,NA,NA,NA,NA,44,2000,"36067003000",64,69,337,327,2153,70,21700
"36","067",32,"Census Tract 32",2444,9940,21339,872,268,257,1170,NA,NA,NA,921,195,22,168,3,0,NA,1271,18,1253,1466,49,20,NA,NA,NA,NA,38,2000,"36067003200",126,77,451,362,1933,100,137500
"36","067",34,"Census Tract 34",1900,16733,20603,944,198,106,639,NA,NA,NA,854,225,32,179,3,10,NA,901,62,839,1126,15,15,NA,NA,NA,NA,117,2000,"36067003400",88,24,458,433,2087,115,22500
"36","067",35,"Census Tract 35",2772,17930,20083,1509,62,211,1015,NA,NA,NA,1124,273,51,185,5,25,NA,1119,233,886,1392,11,6,NA,NA,NA,NA,105,2000,"36067003500",120,72,612,616,2565,143,59300
"36","067",36.01,"Census Tract 36.01",2538,23882,23250,1785,11,141,551,NA,NA,NA,857,103,26,41,1,12,NA,906,423,483,1009,14,20,NA,NA,NA,NA,137,2000,"36067003601",75,64,444,540,2431,123,59500
"36","067",36.02,"Census Tract 36.02",2120,38689,46716,1263,34,75,716,NA,NA,NA,263,96,9,67,2,13,NA,942,491,451,1038,23,7,NA,NA,NA,NA,35,2000,"36067003602",5,36,582,571,2176,49,70100
"36","067",38,"Census Tract 38",2355,19141,22424,522,10,295,1468,NA,NA,NA,881,194,22,104,0,50,NA,909,333,576,1103,7,0,NA,NA,NA,NA,103,2000,"36067003800",48,30,444,426,2369,94,45300
"36","067",39,"Census Tract 39",4405,15255,15417,1809,33,1037,1570,NA,NA,NA,2109,467,78,319,2,36,NA,1517,399,1118,1984,59,42,NA,NA,NA,NA,149,2000,"36067003900",172,122,735,854,4312,145,51600
"36","067",40,"Census Tract 40",1868,13656,15250,729,8,415,749,NA,NA,NA,989,174,45,95,0,29,NA,618,139,479,792,6,15,NA,NA,NA,NA,72,2000,"36067004000",139,60,407,280,1869,91,62000
"36","067",42,"Census Tract 42",1895,8974,12625,1587,3,149,171,NA,NA,NA,1088,264,185,64,0,6,NA,779,43,736,1043,4,14,NA,NA,NA,NA,87,2000,"36067004200",52,73,198,433,1866,70,19800
"36","067",43,"Census Tract 43",8040,9081,18125,912,544,351,6207,NA,NA,NA,1333,56,11,42,0,2,NA,1303,11,1292,1359,71,16,NA,NA,NA,NA,3577,2000,"36067004300",286,410,1402,1931,2177,165,37500
"36","067",44,"Census Tract 44",2312,21186,80211,69,179,60,1996,NA,NA,NA,1310,19,7,8,0,1,NA,776,228,548,795,6,13,NA,NA,NA,NA,86,2000,"36067004400",36,21,600,670,2428,168,115300
"36","067",45,"Census Tract 45",4055,36090,52375,551,152,127,3158,NA,NA,NA,892,102,29,43,6,18,NA,1646,770,876,1748,12,5,NA,NA,NA,NA,132,2000,"36067004500",43,41,1153,1093,3871,134,77600
"36","067",46,"Census Tract 46",6343,57241,76683,877,111,145,5112,NA,NA,NA,352,73,17,14,6,20,NA,2050,1655,395,2123,8,16,NA,NA,NA,NA,799,2000,"36067004600",32,23,1481,1679,4678,166,102200
"36","067",48,"Census Tract 48",1598,57632,61648,81,7,14,1470,NA,NA,NA,31,17,3,5,2,1,NA,674,588,86,691,0,0,NA,NA,NA,NA,56,2000,"36067004800",11,9,395,344,1629,76,87700
"36","067",49,"Census Tract 49",1502,45556,49330,238,14,47,1169,NA,NA,NA,156,66,23,22,0,10,NA,576,405,171,642,16,0,NA,NA,NA,NA,55,2000,"36067004900",18,6,375,344,1461,37,70000
"36","067",50,"Census Tract 50",2890,50435,66510,399,17,131,2342,NA,NA,NA,417,88,15,50,0,14,NA,1055,728,327,1143,0,0,NA,NA,NA,NA,98,2000,"36067005000",37,28,793,749,2890,124,88600
"36","067",51,"Census Tract 51",2771,28370,28750,1714,6,165,833,NA,NA,NA,833,210,30,125,2,37,NA,940,469,471,1150,21,12,NA,NA,NA,NA,184,2000,"36067005100",95,60,597,586,2837,161,47000
"36","067",52,"Census Tract 52",2267,20288,19384,1768,2,153,279,NA,NA,NA,817,240,58,147,0,26,NA,744,298,446,984,42,20,NA,NA,NA,NA,103,2000,"36067005200",97,57,375,372,2171,87,47800
"36","067",53,"Census Tract 53",1947,13405,16571,1613,6,78,221,NA,NA,NA,947,212,62,90,2,40,NA,614,165,449,826,52,34,NA,NA,NA,NA,111,2000,"36067005300",52,33,240,265,1972,58,45900
"36","067",54,"Census Tract 54",3230,22515,25022,2709,1,172,316,NA,NA,NA,1065,296,100,168,1,25,NA,1067,430,637,1363,39,14,NA,NA,NA,NA,151,2000,"36067005400",180,127,586,629,3214,127,50400
"36","067",55,"Census Tract 55",4295,20717,23750,1226,476,120,2325,NA,NA,NA,1160,171,26,112,3,26,NA,1868,367,1501,2039,0,0,NA,NA,NA,NA,133,2000,"36067005500",93,104,994,968,3591,149,61600
"36","067",56.01,"Census Tract 56.01",1527,48365,61731,141,50,29,1292,NA,NA,NA,163,29,5,10,2,11,NA,700,560,140,729,0,0,NA,NA,NA,NA,49,2000,"36067005601",3,38,401,435,1539,42,85600
"36","067",56.02,"Census Tract 56.02",2212,6875,31063,398,319,184,1309,NA,NA,NA,1526,40,15,21,3,1,NA,1055,25,1030,1095,0,0,NA,NA,NA,NA,352,2000,"36067005602",43,47,337,668,2023,123,90500
"36","067",57,"Census Tract 57",2280,36026,37426,947,5,103,1166,NA,NA,NA,557,196,109,62,3,17,NA,827,502,325,1023,81,46,NA,NA,NA,NA,107,2000,"36067005700",29,35,571,563,2355,105,60300
"36","067",58,"Census Tract 58",2715,19389,18574,2151,8,82,413,NA,NA,NA,1143,204,70,84,1,32,NA,894,446,448,1098,21,13,NA,NA,NA,NA,175,2000,"36067005800",38,63,362,584,2741,102,46800
"36","067",59,"Census Tract 59",1967,22245,26573,1397,19,125,424,NA,NA,NA,594,212,55,82,0,59,NA,664,341,323,876,54,10,NA,NA,NA,NA,99,2000,"36067005900",34,49,318,388,1918,122,47000
"36","067",60,"Census Tract 60",3774,35015,40477,973,29,152,2457,NA,NA,NA,472,112,31,23,3,35,NA,1560,1035,525,1672,12,6,NA,NA,NA,NA,148,2000,"36067006000",49,40,925,983,3765,168,59500
"36","067",61.01,"Census Tract 61.01",3647,21441,28509,1570,9,118,1771,NA,NA,NA,805,205,56,99,1,36,NA,1524,705,819,1729,6,20,NA,NA,NA,NA,106,2000,"36067006101",71,34,633,839,3626,122,58800
"36","067",61.02,"Census Tract 61.02",2154,17979,29659,232,282,34,1533,NA,NA,NA,393,169,25,129,11,4,NA,1367,71,1296,1536,0,5,NA,NA,NA,NA,18,2000,"36067006102",36,11,338,359,2073,46,83100
"36","067",61.03,"Census Tract 61.03",2721,42835,49268,304,10,30,2307,NA,NA,NA,114,48,14,3,5,19,NA,1091,960,131,1139,0,15,NA,NA,NA,NA,90,2000,"36067006103",0,33,669,657,2705,86,73500
"36","067",1,"Census Tract 1",579,NA,NA,48,35,10,469,NA,NA,NA,NA,144,95,28,3,5,NA,390,83,307,534,NA,NA,NA,49,NA,NA,NA,2010,"36067000100",NA,NA,NA,NA,NA,NA,NA
"36","067",2,"Census Tract 2",3545,NA,NA,535,208,282,2377,NA,NA,NA,NA,176,87,61,3,13,NA,1436,496,940,1612,NA,NA,NA,1029,NA,NA,NA,2010,"36067000200",NA,NA,NA,NA,NA,NA,NA
"36","067",3,"Census Tract 3",1561,NA,NA,162,59,83,1254,NA,NA,NA,NA,42,24,9,5,3,NA,678,457,221,720,NA,NA,NA,310,NA,NA,NA,2010,"36067000300",NA,NA,NA,NA,NA,NA,NA
"36","067",4,"Census Tract 4",3707,NA,NA,347,90,143,3043,NA,NA,NA,NA,105,58,19,4,17,NA,1542,1060,482,1647,NA,NA,NA,747,NA,NA,NA,2010,"36067000400",NA,NA,NA,NA,NA,NA,NA
"36","067",5.01,"Census Tract 5.01",2358,NA,NA,525,376,189,1174,NA,NA,NA,NA,265,126,114,0,19,NA,913,120,793,1178,NA,NA,NA,695,NA,NA,NA,2010,"36067000501",NA,NA,NA,NA,NA,NA,NA
"36","067",6,"Census Tract 6",3534,NA,NA,801,529,320,1773,NA,NA,NA,NA,183,102,65,4,10,NA,1433,334,1099,1616,NA,NA,NA,1078,NA,NA,NA,2010,"36067000600",NA,NA,NA,NA,NA,NA,NA
"36","067",7,"Census Tract 7",1853,NA,NA,497,273,116,916,NA,NA,NA,NA,95,28,52,5,7,NA,643,259,384,738,NA,NA,NA,585,NA,NA,NA,2010,"36067000700",NA,NA,NA,NA,NA,NA,NA
"36","067",8,"Census Tract 8",2647,NA,NA,596,261,176,1548,NA,NA,NA,NA,147,69,47,1,25,NA,1026,442,584,1173,NA,NA,NA,821,NA,NA,NA,2010,"36067000800",NA,NA,NA,NA,NA,NA,NA
"36","067",9,"Census Tract 9",3078,NA,NA,194,55,105,2661,NA,NA,NA,NA,125,26,65,9,18,NA,1400,923,477,1525,NA,NA,NA,588,NA,NA,NA,2010,"36067000900",NA,NA,NA,NA,NA,NA,NA
"36","067",10,"Census Tract 10",4004,NA,NA,816,63,303,2753,NA,NA,NA,NA,153,35,90,5,10,NA,2072,675,1397,2225,NA,NA,NA,825,NA,NA,NA,2010,"36067001000",NA,NA,NA,NA,NA,NA,NA
"36","067",14,"Census Tract 14",3099,NA,NA,742,776,228,1293,NA,NA,NA,NA,190,86,80,2,10,NA,1056,244,812,1246,NA,NA,NA,1114,NA,NA,NA,2010,"36067001400",NA,NA,NA,NA,NA,NA,NA
"36","067",15,"Census Tract 15",2748,NA,NA,785,485,224,1157,NA,NA,NA,NA,155,93,49,1,8,NA,942,237,705,1097,NA,NA,NA,950,NA,NA,NA,2010,"36067001500",NA,NA,NA,NA,NA,NA,NA
"36","067",16,"Census Tract 16",2983,NA,NA,676,119,180,2024,NA,NA,NA,NA,260,116,126,12,2,NA,1779,50,1729,2039,NA,NA,NA,229,NA,NA,NA,2010,"36067001600",NA,NA,NA,NA,NA,NA,NA
"36","067",17.01,"Census Tract 17.01",2438,NA,NA,459,91,290,1544,NA,NA,NA,NA,145,67,41,9,26,NA,1008,413,595,1153,NA,NA,NA,651,NA,NA,NA,2010,"36067001701",NA,NA,NA,NA,NA,NA,NA
"36","067",17.02,"Census Tract 17.02",2526,NA,NA,409,33,138,1863,NA,NA,NA,NA,92,54,25,2,6,NA,1101,563,538,1193,NA,NA,NA,612,NA,NA,NA,2010,"36067001702",NA,NA,NA,NA,NA,NA,NA
"36","067",18,"Census Tract 18",2682,NA,NA,317,59,113,2128,NA,NA,NA,NA,95,31,47,4,9,NA,1276,692,584,1371,NA,NA,NA,511,NA,NA,NA,2010,"36067001800",NA,NA,NA,NA,NA,NA,NA
"36","067",19,"Census Tract 19",3894,NA,NA,309,43,147,3384,NA,NA,NA,NA,117,43,46,3,19,NA,1868,1257,611,1985,NA,NA,NA,657,NA,NA,NA,2010,"36067001900",NA,NA,NA,NA,NA,NA,NA
"36","067",20,"Census Tract 20",2264,NA,NA,217,4,151,1806,NA,NA,NA,NA,121,57,46,3,8,NA,947,363,584,1068,NA,NA,NA,607,NA,NA,NA,2010,"36067002000",NA,NA,NA,NA,NA,NA,NA
"36","067",21.01,"Census Tract 21.01",2791,NA,NA,637,15,394,1726,NA,NA,NA,NA,325,149,148,2,16,NA,1137,259,878,1462,NA,NA,NA,852,NA,NA,NA,2010,"36067002101",NA,NA,NA,NA,NA,NA,NA
"36","067",23,"Census Tract 23",1736,NA,NA,475,267,97,840,NA,NA,NA,NA,258,105,147,1,1,NA,901,56,845,1159,NA,NA,NA,379,NA,NA,NA,2010,"36067002300",NA,NA,NA,NA,NA,NA,NA
"36","067",24,"Census Tract 24",2064,NA,NA,541,171,293,1087,NA,NA,NA,NA,130,58,48,3,18,NA,824,161,663,954,NA,NA,NA,625,NA,NA,NA,2010,"36067002400",NA,NA,NA,NA,NA,NA,NA
"36","067",27,"Census Tract 27",1879,NA,NA,136,4,61,1630,NA,NA,NA,NA,70,22,34,2,6,NA,939,347,592,1009,NA,NA,NA,366,NA,NA,NA,2010,"36067002700",NA,NA,NA,NA,NA,NA,NA
"36","067",29.01,"Census Tract 29.01",2683,NA,NA,102,25,130,2391,NA,NA,NA,NA,112,33,60,3,7,NA,1287,551,736,1399,NA,NA,NA,445,NA,NA,NA,2010,"36067002901",NA,NA,NA,NA,NA,NA,NA
"36","067",30,"Census Tract 30",2111,NA,NA,1006,5,722,689,NA,NA,NA,NA,120,44,53,2,11,NA,751,82,669,871,NA,NA,NA,648,NA,NA,NA,2010,"36067003000",NA,NA,NA,NA,NA,NA,NA
"36","067",32,"Census Tract 32",2146,NA,NA,663,299,113,1096,NA,NA,NA,NA,146,5,131,3,1,NA,1136,59,1077,1282,NA,NA,NA,57,NA,NA,NA,2010,"36067003200",NA,NA,NA,NA,NA,NA,NA
"36","067",34,"Census Tract 34",1472,NA,NA,607,169,104,613,NA,NA,NA,NA,125,36,34,4,45,NA,706,71,635,831,NA,NA,NA,282,NA,NA,NA,2010,"36067003400",NA,NA,NA,NA,NA,NA,NA
"36","067",35,"Census Tract 35",2673,NA,NA,1289,166,246,961,NA,NA,NA,NA,128,50,56,5,6,NA,1129,229,900,1257,NA,NA,NA,684,NA,NA,NA,2010,"36067003500",NA,NA,NA,NA,NA,NA,NA
"36","067",36.01,"Census Tract 36.01",2404,NA,NA,1660,14,210,483,NA,NA,NA,NA,70,16,43,5,5,NA,913,391,522,983,NA,NA,NA,749,NA,NA,NA,2010,"36067003601",NA,NA,NA,NA,NA,NA,NA
"36","067",36.02,"Census Tract 36.02",2184,NA,NA,1281,39,173,696,NA,NA,NA,NA,67,19,39,3,6,NA,971,475,496,1038,NA,NA,NA,479,NA,NA,NA,2010,"36067003602",NA,NA,NA,NA,NA,NA,NA
"36","067",38,"Census Tract 38",2520,NA,NA,785,11,601,1177,NA,NA,NA,NA,111,43,37,4,10,NA,913,267,646,1024,NA,NA,NA,859,NA,NA,NA,2010,"36067003800",NA,NA,NA,NA,NA,NA,NA
"36","067",39,"Census Tract 39",3602,NA,NA,1588,11,1095,1185,NA,NA,NA,NA,316,169,131,0,6,NA,1266,306,960,1582,NA,NA,NA,1249,NA,NA,NA,2010,"36067003900",NA,NA,NA,NA,NA,NA,NA
"36","067",40,"Census Tract 40",1580,NA,NA,626,4,484,532,NA,NA,NA,NA,175,76,61,1,35,NA,554,117,437,729,NA,NA,NA,594,NA,NA,NA,2010,"36067004000",NA,NA,NA,NA,NA,NA,NA
"36","067",42,"Census Tract 42",2065,NA,NA,1626,4,238,220,NA,NA,NA,NA,49,27,19,0,0,NA,865,29,836,914,NA,NA,NA,755,NA,NA,NA,2010,"36067004200",NA,NA,NA,NA,NA,NA,NA
"36","067",43.01,"Census Tract 43.01",1510,NA,NA,500,155,122,768,NA,NA,NA,NA,14,1,13,0,0,NA,475,3,472,489,NA,NA,NA,152,NA,NA,NA,2010,"36067004301",NA,NA,NA,NA,NA,NA,NA
"36","067",43.02,"Census Tract 43.02",6978,NA,NA,560,934,474,5098,NA,NA,NA,NA,9,5,2,0,0,NA,755,1,754,764,NA,NA,NA,8,NA,NA,NA,2010,"36067004302",NA,NA,NA,NA,NA,NA,NA
"36","067",44,"Census Tract 44",2418,NA,NA,92,241,130,1966,NA,NA,NA,NA,14,5,2,1,2,NA,789,206,583,803,NA,NA,NA,110,NA,NA,NA,2010,"36067004400",NA,NA,NA,NA,NA,NA,NA
"36","067",45,"Census Tract 45",4227,NA,NA,414,329,213,3272,NA,NA,NA,NA,71,35,20,8,3,NA,1664,721,943,1735,NA,NA,NA,554,NA,NA,NA,2010,"36067004500",NA,NA,NA,NA,NA,NA,NA
"36","067",46,"Census Tract 46",5120,NA,NA,924,120,189,3829,NA,NA,NA,NA,142,30,66,11,22,NA,2036,1630,406,2178,NA,NA,NA,777,NA,NA,NA,2010,"36067004600",NA,NA,NA,NA,NA,NA,NA
"36","067",48,"Census Tract 48",1495,NA,NA,132,8,62,1282,NA,NA,NA,NA,24,15,1,2,6,NA,676,584,92,700,NA,NA,NA,255,NA,NA,NA,2010,"36067004800",NA,NA,NA,NA,NA,NA,NA
"36","067",49,"Census Tract 49",1588,NA,NA,371,29,155,981,NA,NA,NA,NA,44,20,17,0,7,NA,587,386,201,631,NA,NA,NA,475,NA,NA,NA,2010,"36067004900",NA,NA,NA,NA,NA,NA,NA
"36","067",50,"Census Tract 50",2735,NA,NA,574,23,173,1977,NA,NA,NA,NA,95,11,20,1,50,NA,1036,735,301,1131,NA,NA,NA,734,NA,NA,NA,2010,"36067005000",NA,NA,NA,NA,NA,NA,NA
"36","067",51,"Census Tract 51",2434,NA,NA,1500,6,299,619,NA,NA,NA,NA,214,108,86,1,10,NA,862,372,490,1076,NA,NA,NA,846,NA,NA,NA,2010,"36067005100",NA,NA,NA,NA,NA,NA,NA
"36","067",52,"Census Tract 52",2127,NA,NA,1622,3,243,224,NA,NA,NA,NA,194,99,71,3,3,NA,710,257,453,904,NA,NA,NA,755,NA,NA,NA,2010,"36067005200",NA,NA,NA,NA,NA,NA,NA
"36","067",53,"Census Tract 53",1975,NA,NA,1558,5,106,264,NA,NA,NA,NA,148,90,52,4,2,NA,548,148,400,696,NA,NA,NA,759,NA,NA,NA,2010,"36067005300",NA,NA,NA,NA,NA,NA,NA
"36","067",54,"Census Tract 54",2761,NA,NA,2299,12,247,239,NA,NA,NA,NA,233,171,47,0,7,NA,938,337,601,1171,NA,NA,NA,1022,NA,NA,NA,2010,"36067005400",NA,NA,NA,NA,NA,NA,NA
"36","067",55,"Census Tract 55",3729,NA,NA,1309,545,171,1630,NA,NA,NA,NA,151,35,101,1,10,NA,1862,360,1502,2013,NA,NA,NA,735,NA,NA,NA,2010,"36067005500",NA,NA,NA,NA,NA,NA,NA
"36","067",56.01,"Census Tract 56.01",1473,NA,NA,162,51,33,1192,NA,NA,NA,NA,28,7,7,4,9,NA,708,552,156,736,NA,NA,NA,235,NA,NA,NA,2010,"36067005601",NA,NA,NA,NA,NA,NA,NA
"36","067",56.02,"Census Tract 56.02",2483,NA,NA,347,309,274,1585,NA,NA,NA,NA,2,1,1,0,0,NA,44,17,27,46,NA,NA,NA,7,NA,NA,NA,2010,"36067005602",NA,NA,NA,NA,NA,NA,NA
"36","067",57,"Census Tract 57",1956,NA,NA,981,6,123,805,NA,NA,NA,NA,92,47,19,2,24,NA,754,477,277,846,NA,NA,NA,546,NA,NA,NA,2010,"36067005700",NA,NA,NA,NA,NA,NA,NA
"36","067",58,"Census Tract 58",2510,NA,NA,2092,7,120,248,NA,NA,NA,NA,176,79,80,1,7,NA,836,347,489,1012,NA,NA,NA,945,NA,NA,NA,2010,"36067005800",NA,NA,NA,NA,NA,NA,NA
"36","067",59,"Census Tract 59",1834,NA,NA,1383,5,203,268,NA,NA,NA,NA,163,111,46,1,4,NA,592,259,333,755,NA,NA,NA,632,NA,NA,NA,2010,"36067005900",NA,NA,NA,NA,NA,NA,NA
"36","067",60,"Census Tract 60",3646,NA,NA,1427,20,219,1866,NA,NA,NA,NA,104,42,27,5,18,NA,1554,981,573,1658,NA,NA,NA,876,NA,NA,NA,2010,"36067006000",NA,NA,NA,NA,NA,NA,NA
"36","067",61.01,"Census Tract 61.01",4096,NA,NA,2212,21,191,1582,NA,NA,NA,NA,170,92,61,0,14,NA,1604,652,952,1774,NA,NA,NA,949,NA,NA,NA,2010,"36067006101",NA,NA,NA,NA,NA,NA,NA
"36","067",61.02,"Census Tract 61.02",2118,NA,NA,387,414,57,1220,NA,NA,NA,NA,50,5,43,1,0,NA,1437,57,1380,1487,NA,NA,NA,210,NA,NA,NA,2010,"36067006102",NA,NA,NA,NA,NA,NA,NA
"36","067",61.03,"Census Tract 61.03",2545,NA,NA,467,15,73,1909,NA,NA,NA,NA,50,22,5,4,10,NA,1084,953,131,1134,NA,NA,NA,478,NA,NA,NA,2010,"36067006103",NA,NA,NA,NA,NA,NA,NA
"36","067",1,"Census Tract 1, Onondaga County, New York",489,47391,82500,0,87,31,402,206,67,273,169,114,45,0,0,22,76,308,80,228,422,0,0,871,13,0,NA,36,2011,"36067000100",NA,NA,NA,NA,NA,NA,NA
"36","067",2,"Census Tract 2, Onondaga County, New York",3141,30841,30492,188,86,135,2299,1272,79,1351,1386,281,64,156,0,25,381,1374,644,730,1655,106,84,745,772,131,NA,714,2011,"36067000200",NA,NA,NA,NA,NA,NA,NA
"36","067",3,"Census Tract 3, Onondaga County, New York",1590,40473,44250,157,100,100,1170,826,86,912,191,74,31,11,0,0,31,656,358,298,730,0,0,836,263,25,NA,339,2011,"36067000300",NA,NA,NA,NA,NA,NA,NA
"36","067",4,"Census Tract 4, Onondaga County, New York",3588,37098,43819,214,0,188,3113,1807,233,2040,675,144,110,16,0,12,227,1513,1068,445,1657,7,23,814,724,72,NA,752,2011,"36067000400",NA,NA,NA,NA,NA,NA,NA
"36","067",5.01,"Census Tract 5.01, Onondaga County, New York",2092,18021,18031,199,281,158,1265,673,173,880,1131,544,198,174,13,78,360,787,87,700,1331,67,24,707,649,114,NA,495,2011,"36067000501",NA,NA,NA,NA,NA,NA,NA
"36","067",6,"Census Tract 6, Onondaga County, New York",3685,26126,25795,593,192,307,2296,1440,314,1754,1031,224,49,81,0,76,537,1424,241,1183,1648,65,43,698,1117,121,NA,937,2011,"36067000600",NA,NA,NA,NA,NA,NA,NA
"36","067",7,"Census Tract 7, Onondaga County, New York",1581,33779,34265,238,392,1,920,660,178,838,319,185,101,84,0,0,155,604,280,324,789,58,44,908,360,50,NA,501,2011,"36067000700",NA,NA,NA,NA,NA,NA,NA
"36","067",8,"Census Tract 8, Onondaga County, New York",2393,28307,28139,781,58,114,1482,1044,69,1113,482,191,77,76,0,38,247,929,447,482,1120,33,33,688,884,52,NA,855,2011,"36067000800",NA,NA,NA,NA,NA,NA,NA
"36","067",9,"Census Tract 9, Onondaga County, New York",3099,61713,84917,209,81,33,2753,1671,76,1747,244,116,0,57,21,21,14,1396,999,397,1512,22,22,1050,544,0,NA,831,2011,"36067000900",NA,NA,NA,NA,NA,NA,NA
"36","067",10,"Census Tract 10, Onondaga County, New York",4025,30116,38393,908,47,214,2752,1986,180,2166,658,169,37,132,0,0,428,2068,636,1432,2237,16,26,644,871,47,29545,901,2011,"36067001000",NA,NA,NA,NA,NA,NA,NA
"36","067",14,"Census Tract 14, Onondaga County, New York",3411,22424,22367,580,490,338,2038,1180,135,1315,1317,195,96,76,0,0,459,1024,325,699,1219,66,74,774,1402,140,20285,1225,2011,"36067001400",NA,NA,NA,NA,NA,NA,NA
"36","067",15,"Census Tract 15, Onondaga County, New York",2961,22500,21750,1202,556,361,724,844,168,1012,1518,209,77,28,0,59,414,906,162,744,1115,112,63,826,1126,134,11670,1076,2011,"36067001500",NA,NA,NA,NA,NA,NA,NA
"36","067",16,"Census Tract 16, Onondaga County, New York",2674,22276,29792,565,101,242,1854,992,116,1108,676,265,150,115,0,0,512,1758,44,1714,2023,200,125,575,38,28,NA,380,2011,"36067001600",NA,NA,NA,NA,NA,NA,NA
"36","067",17.01,"Census Tract 17.01, Onondaga County, New York",2135,35455,27143,490,28,300,1505,923,102,1025,544,210,119,45,0,20,234,908,355,553,1118,54,23,682,476,81,NA,516,2011,"36067001701",NA,NA,NA,NA,NA,NA,NA
"36","067",17.02,"Census Tract 17.02, Onondaga County, New York",2644,51082,46964,230,0,380,1969,1530,58,1595,391,80,0,0,38,10,162,1133,597,536,1213,32,32,806,554,60,NA,668,2011,"36067001702",NA,NA,NA,NA,NA,NA,NA
"36","067",18,"Census Tract 18, Onondaga County, New York",2478,46042,53711,172,8,96,2215,1498,19,1526,253,189,50,114,0,10,92,1206,649,557,1395,20,0,769,325,28,NA,606,2011,"36067001800",NA,NA,NA,NA,NA,NA,NA
"36","067",19,"Census Tract 19, Onondaga County, New York",3652,45910,58571,405,29,81,3140,1888,160,2048,687,230,42,93,0,28,117,1787,1196,591,2017,0,0,736,695,95,NA,764,2011,"36067001900",NA,NA,NA,NA,NA,NA,NA
"36","067",20,"Census Tract 20, Onondaga County, New York",2478,29223,29931,179,0,100,2072,1032,88,1120,914,85,75,0,0,0,353,1029,444,585,1114,0,25,720,627,109,NA,652,2011,"36067002000",NA,NA,NA,NA,NA,NA,NA
"36","067",21.01,"Census Tract 21.01, Onondaga County, New York",2920,22361,27986,777,0,560,1946,1046,218,1264,1377,332,178,136,0,18,434,1107,248,859,1439,62,44,683,1092,181,NA,777,2011,"36067002101",NA,NA,NA,NA,NA,NA,NA
"36","067",23,"Census Tract 23, Onondaga County, New York",1788,20646,19421,660,218,250,708,642,182,824,627,293,134,103,0,41,381,889,68,821,1182,156,81,589,303,57,NA,474,2011,"36067002300",NA,NA,NA,NA,NA,NA,NA
"36","067",24,"Census Tract 24, Onondaga County, New York",2306,25098,25456,886,333,284,899,888,98,986,916,151,78,48,0,0,308,858,131,727,1009,76,48,757,827,112,NA,863,2011,"36067002400",NA,NA,NA,NA,NA,NA,NA
"36","067",27,"Census Tract 27, Onondaga County, New York",1865,42675,46188,76,0,56,1354,1116,44,1160,354,89,29,26,0,0,116,918,395,523,1007,51,40,743,351,45,20555,448,2011,"36067002700",NA,NA,NA,NA,NA,NA,NA
"36","067",29.01,"Census Tract 29.01, Onondaga County, New York",2645,41576,57019,84,233,215,2124,1624,141,1765,464,106,26,33,11,7,67,1280,656,624,1386,23,23,774,407,36,NA,604,2011,"36067002901",NA,NA,NA,NA,NA,NA,NA
"36","067",30,"Census Tract 30, Onondaga County, New York",1766,13902,13892,745,10,636,684,387,134,521,1108,169,75,67,0,14,418,738,84,654,907,16,26,387,642,206,NA,544,2011,"36067003000",NA,NA,NA,NA,NA,NA,NA
"36","067",32,"Census Tract 32, Onondaga County, New York",1921,15039,70278,485,255,51,1051,635,39,674,527,512,184,99,30,0,270,1075,0,1075,1587,147,93,727,70,11,NA,631,2011,"36067003200",NA,NA,NA,NA,NA,NA,NA
"36","067",34,"Census Tract 34, Onondaga County, New York",1541,17674,33750,562,122,44,661,568,96,664,751,339,212,20,14,41,119,697,43,654,1036,100,116,699,369,48,NA,1060,2011,"36067003400",NA,NA,NA,NA,NA,NA,NA
"36","067",35,"Census Tract 35, Onondaga County, New York",2371,26100,34575,943,175,33,1046,1223,46,1280,974,304,77,201,26,0,379,898,268,630,1202,120,88,692,679,156,NA,960,2011,"36067003500",NA,NA,NA,NA,NA,NA,NA
"36","067",36.01,"Census Tract 36.01, Onondaga County, New York",2607,28242,31439,1718,36,221,678,936,186,1122,874,136,68,68,0,0,340,915,373,542,1051,13,0,807,771,149,NA,742,2011,"36067003601",NA,NA,NA,NA,NA,NA,NA
"36","067",36.02,"Census Tract 36.02, Onondaga County, New York",2288,37105,48846,1391,11,116,829,1040,190,1230,314,88,38,50,0,0,149,1000,470,530,1088,33,33,646,555,50,NA,702,2011,"36067003602",NA,NA,NA,NA,NA,NA,NA
"36","067",38,"Census Tract 38, Onondaga County, New York",3010,27547,29472,741,19,530,2036,906,110,1016,1331,153,80,64,0,0,455,960,357,603,1113,33,25,822,1309,156,NA,1257,2011,"36067003800",NA,NA,NA,NA,NA,NA,NA
"36","067",39,"Census Tract 39, Onondaga County, New York",3512,18843,18835,1537,34,1129,1237,1031,224,1255,1816,485,143,180,0,62,571,1295,300,995,1780,148,148,727,1037,262,NA,878,2011,"36067003900",NA,NA,NA,NA,NA,NA,NA
"36","067",40,"Census Tract 40, Onondaga County, New York",1787,25475,23266,673,0,457,950,473,141,614,760,196,88,34,0,0,229,543,166,377,739,75,69,695,631,90,NA,436,2011,"36067004000",NA,NA,NA,NA,NA,NA,NA
"36","067",42,"Census Tract 42, Onondaga County, New York",1944,12992,14196,1508,23,28,152,338,189,527,1439,94,48,46,0,0,505,819,36,783,913,0,0,333,775,241,NA,707,2011,"36067004200",NA,NA,NA,NA,NA,NA,NA
"36","067",43.01,"Census Tract 43.01, Onondaga County, New York",1719,9678,22981,520,153,117,844,521,45,566,434,38,0,38,0,0,281,489,9,480,527,0,0,289,177,33,NA,1137,2011,"36067004301",NA,NA,NA,NA,NA,NA,NA
"36","067",43.02,"Census Tract 43.02, Onondaga County, New York",7942,9056,17778,882,870,566,5673,1986,368,2361,850,188,0,21,43,0,103,514,7,507,702,63,17,649,220,0,17855,7289,2011,"36067004302",NA,NA,NA,NA,NA,NA,NA
"36","067",44,"Census Tract 44, Onondaga County, New York",2120,20265,101389,28,217,0,1860,973,22,995,1345,125,45,35,0,0,0,649,230,419,774,0,0,1201,134,0,11560,1625,2011,"36067004400",NA,NA,NA,NA,NA,NA,NA
"36","067",45,"Census Tract 45, Onondaga County, New York",4351,39180,62500,328,525,100,3380,2377,138,2540,1841,108,0,28,0,0,64,1614,748,866,1722,11,0,1036,528,51,35980,2318,2011,"36067004500",NA,NA,NA,NA,NA,NA,NA
"36","067",46,"Census Tract 46, Onondaga County, New York",5171,72530,99926,740,128,109,4134,2649,139,2788,338,92,40,0,5,47,63,2029,1742,287,2121,0,17,1049,666,18,35645,1361,2011,"36067004600",NA,NA,NA,NA,NA,NA,NA
"36","067",48,"Census Tract 48, Onondaga County, New York",1661,58684,83333,214,0,7,1447,905,8,913,305,0,0,0,0,0,10,704,618,86,704,0,0,1003,340,33,NA,413,2011,"36067004800",NA,NA,NA,NA,NA,NA,NA
"36","067",49,"Census Tract 49, Onondaga County, New York",1622,47201,48406,244,0,92,1308,795,18,813,289,66,66,0,0,0,110,593,374,219,659,0,0,822,412,41,NA,335,2011,"36067004900",NA,NA,NA,NA,NA,NA,NA
"36","067",50,"Census Tract 50, Onondaga County, New York",2961,64083,79205,808,0,145,2125,1527,68,1595,340,144,50,65,0,0,87,1019,744,275,1163,51,51,1009,886,20,NA,953,2011,"36067005000",NA,NA,NA,NA,NA,NA,NA
"36","067",51,"Census Tract 51, Onondaga County, New York",2316,26078,28750,1640,0,252,461,734,122,856,1037,268,84,57,0,59,281,873,440,433,1141,25,25,719,906,110,NA,812,2011,"36067005100",NA,NA,NA,NA,NA,NA,NA
"36","067",52,"Census Tract 52, Onondaga County, New York",2028,26538,35707,1549,0,43,315,584,140,724,850,256,100,115,0,9,268,668,238,430,924,116,86,689,583,49,NA,664,2011,"36067005200",NA,NA,NA,NA,NA,NA,NA
"36","067",53,"Census Tract 53, Onondaga County, New York",1951,16116,20313,1597,60,30,269,396,70,466,925,215,54,114,0,0,271,568,181,387,783,72,72,593,795,72,NA,530,2011,"36067005300",NA,NA,NA,NA,NA,NA,NA
"36","067",54,"Census Tract 54, Onondaga County, New York",3102,21745,25146,2303,23,612,497,818,202,1020,1271,330,152,91,0,20,304,909,381,528,1239,36,59,782,1408,192,NA,1159,2011,"36067005400",NA,NA,NA,NA,NA,NA,NA
"36","067",55,"Census Tract 55, Onondaga County, New York",4179,32202,38956,1206,548,73,2225,1854,183,2037,1076,292,54,156,0,29,266,1751,341,1410,2043,71,28,703,685,70,NA,1413,2011,"36067005500",NA,NA,NA,NA,NA,NA,NA
"36","067",56.01,"Census Tract 56.01, Onondaga County, New York",1543,79565,99375,129,247,17,1110,1008,53,1061,194,6,6,0,0,0,10,750,598,152,756,0,0,1082,197,10,15985,403,2011,"36067005601",NA,NA,NA,NA,NA,NA,NA
"36","067",56.02,"Census Tract 56.02, Onondaga County, New York",2215,11541,12368,242,240,92,1590,639,66,705,515,63,27,36,0,0,19,281,29,252,344,0,0,883,28,0,NA,2103,2011,"36067005602",NA,NA,NA,NA,NA,NA,NA
"36","067",57,"Census Tract 57, Onondaga County, New York",1808,27184,32500,1051,0,24,679,901,62,963,567,105,40,40,0,25,232,759,418,341,864,0,0,866,380,121,NA,573,2011,"36067005700",NA,NA,NA,NA,NA,NA,NA
"36","067",58,"Census Tract 58, Onondaga County, New York",2708,26741,28393,2233,15,157,399,760,142,947,1323,164,85,62,0,17,240,840,377,463,1004,64,50,818,1186,185,NA,905,2011,"36067005800",NA,NA,NA,NA,NA,NA,NA
"36","067",59,"Census Tract 59, Onondaga County, New York",1562,29896,35792,1150,0,84,312,556,67,623,583,174,126,16,0,32,148,555,338,217,729,54,31,720,552,97,NA,449,2011,"36067005900",NA,NA,NA,NA,NA,NA,NA
"36","067",60,"Census Tract 60, Onondaga County, New York",3555,33222,41346,1298,24,88,1735,1480,110,1594,640,127,46,42,0,0,282,1585,1139,446,1712,35,0,830,895,92,NA,1039,2011,"36067006000",NA,NA,NA,NA,NA,NA,NA
"36","067",61.01,"Census Tract 61.01, Onondaga County, New York",3504,25641,32727,1972,0,418,942,1307,165,1472,881,268,128,97,0,43,462,1396,541,855,1664,51,23,699,947,44,NA,844,2011,"36067006101",NA,NA,NA,NA,NA,NA,NA
"36","067",61.02,"Census Tract 61.02, Onondaga County, New York",2067,24500,28333,525,245,93,1196,772,177,949,749,192,98,30,0,0,259,1362,61,1301,1554,0,0,668,323,81,NA,652,2011,"36067006102",NA,NA,NA,NA,NA,NA,NA
"36","067",61.03,"Census Tract 61.03, Onondaga County, New York",2411,57615,64643,686,33,57,1676,1359,144,1503,149,90,40,50,0,0,14,1058,911,147,1148,40,0,906,457,0,NA,492,2011,"36067006103",NA,NA,NA,NA,NA,NA,NA
"36","067",1,"Census Tract 1, Onondaga County, New York",470,47703,26477,10,151,12,309,199,39,238,194,112,36,0,0,26,78,294,70,224,406,0,0,871,43,0,2395,28,2012,"36067000100",NA,NA,NA,NA,NA,NA,NA
"36","067",2,"Census Tract 2, Onondaga County, New York",2953,30417,29737,243,75,143,2224,1283,114,1397,1399,307,86,162,0,24,421,1324,532,792,1631,96,83,770,742,188,NA,585,2012,"36067000200",NA,NA,NA,NA,NA,NA,NA
"36","067",3,"Census Tract 3, Onondaga County, New York",1714,47896,48000,188,170,82,1228,839,76,915,279,59,20,7,0,11,95,685,399,286,744,0,0,787,402,61,NA,364,2012,"36067000300",NA,NA,NA,NA,NA,NA,NA
"36","067",4,"Census Tract 4, Onondaga County, New York",3535,43333,46429,285,40,167,2988,1869,186,2085,613,120,74,0,23,23,184,1546,1053,493,1666,0,23,810,635,68,NA,736,2012,"36067000400",NA,NA,NA,NA,NA,NA,NA
"36","067",5.01,"Census Tract 5.01, Onondaga County, New York",1871,19323,14966,119,328,3,1122,631,197,828,951,527,209,192,15,61,363,764,107,657,1291,110,84,649,586,121,NA,462,2012,"36067000501",NA,NA,NA,NA,NA,NA,NA
"36","067",6,"Census Tract 6, Onondaga County, New York",3868,29280,27190,750,387,304,2145,1522,301,1823,1215,197,44,111,0,25,572,1393,283,1110,1590,51,61,714,1094,102,NA,1095,2012,"36067000600",NA,NA,NA,NA,NA,NA,NA
"36","067",7,"Census Tract 7, Onondaga County, New York",1691,34674,41731,387,348,106,874,799,196,995,424,134,68,54,0,12,190,628,260,368,762,36,38,836,412,40,NA,423,2012,"36067000700",NA,NA,NA,NA,NA,NA,NA
"36","067",8,"Census Tract 8, Onondaga County, New York",2336,29353,29583,508,9,170,1718,1102,80,1182,490,195,109,50,0,36,243,978,441,537,1173,80,37,675,733,50,NA,744,2012,"36067000800",NA,NA,NA,NA,NA,NA,NA
"36","067",9,"Census Tract 9, Onondaga County, New York",3069,65000,79833,170,92,34,2717,1740,73,1813,297,103,0,49,15,19,14,1424,988,436,1527,29,44,1024,517,0,NA,819,2012,"36067000900",NA,NA,NA,NA,NA,NA,NA
"36","067",10,"Census Tract 10, Onondaga County, New York",3890,28803,29638,866,31,255,2607,1742,208,1950,851,90,48,42,0,0,429,2114,688,1426,2204,15,26,634,783,124,26155,751,2012,"36067001000",NA,NA,NA,NA,NA,NA,NA
"36","067",14,"Census Tract 14, Onondaga County, New York",3232,26905,28538,619,506,457,1770,1035,159,1194,1160,256,134,97,0,0,468,944,285,659,1200,84,92,769,1287,146,18040,1000,2012,"36067001400",NA,NA,NA,NA,NA,NA,NA
"36","067",15,"Census Tract 15, Onondaga County, New York",2884,24740,24732,978,572,341,897,861,165,1026,1362,222,86,34,0,58,414,888,170,718,1110,133,94,835,1097,130,13425,1118,2012,"36067001500",NA,NA,NA,NA,NA,NA,NA
"36","067",16,"Census Tract 16, Onondaga County, New York",2803,21102,29306,627,123,145,1965,1000,119,1119,705,290,132,158,0,0,521,1749,31,1718,2039,170,83,614,1,0,NA,393,2012,"36067001600",NA,NA,NA,NA,NA,NA,NA
"36","067",17.01,"Census Tract 17.01, Onondaga County, New York",2180,31964,26528,495,40,253,1523,907,135,1042,635,167,85,62,0,20,226,961,375,586,1128,51,21,681,498,98,NA,595,2012,"36067001701",NA,NA,NA,NA,NA,NA,NA
"36","067",17.02,"Census Tract 17.02, Onondaga County, New York",2552,51818,56296,200,0,296,2032,1526,70,1602,336,115,48,0,30,8,141,1098,625,473,1213,29,29,834,500,63,NA,645,2012,"36067001702",NA,NA,NA,NA,NA,NA,NA
"36","067",18,"Census Tract 18, Onondaga County, New York",2672,46964,52629,214,0,63,2310,1436,10,1463,335,149,54,31,8,11,136,1262,743,519,1411,31,0,775,380,36,NA,636,2012,"36067001800",NA,NA,NA,NA,NA,NA,NA
"36","067",19,"Census Tract 19, Onondaga County, New York",3397,46553,62151,318,45,81,2938,1910,150,2060,417,266,69,104,0,23,128,1744,1223,521,2010,39,0,691,537,26,NA,609,2012,"36067001900",NA,NA,NA,NA,NA,NA,NA
"36","067",20,"Census Tract 20, Onondaga County, New York",2587,30246,31705,264,0,63,2198,1082,116,1198,890,106,74,0,0,0,375,1027,440,587,1133,0,24,731,627,98,NA,632,2012,"36067002000",NA,NA,NA,NA,NA,NA,NA
"36","067",21.01,"Census Tract 21.01, Onondaga County, New York",3012,21543,21970,884,11,542,1887,1123,198,1321,1566,343,171,112,0,18,467,1111,280,831,1454,93,55,683,1174,181,NA,919,2012,"36067002101",NA,NA,NA,NA,NA,NA,NA
"36","067",23,"Census Tract 23, Onondaga County, New York",1822,21197,21063,732,211,252,707,664,111,775,677,229,93,100,0,36,439,954,85,869,1183,164,88,603,290,51,NA,375,2012,"36067002300",NA,NA,NA,NA,NA,NA,NA
"36","067",24,"Census Tract 24, Onondaga County, New York",2122,17488,18000,846,194,259,849,796,143,939,888,109,61,37,0,0,362,857,124,733,966,68,44,763,734,149,NA,742,2012,"36067002400",NA,NA,NA,NA,NA,NA,NA
"36","067",27,"Census Tract 27, Onondaga County, New York",1950,40792,46125,74,0,62,1513,1078,78,1156,437,79,0,42,0,0,142,927,381,546,1006,55,43,683,319,40,20185,443,2012,"36067002700",NA,NA,NA,NA,NA,NA,NA
"36","067",29.01,"Census Tract 29.01, Onondaga County, New York",2852,40061,39625,110,234,238,2244,1750,150,1900,626,51,0,0,12,39,123,1350,650,700,1401,28,28,823,480,50,NA,748,2012,"36067002901",NA,NA,NA,NA,NA,NA,NA
"36","067",30,"Census Tract 30, Onondaga County, New York",1634,13415,12303,693,15,616,650,369,115,484,1115,192,88,76,0,14,474,738,83,655,930,40,39,350,561,200,NA,425,2012,"36067003000",NA,NA,NA,NA,NA,NA,NA
"36","067",32,"Census Tract 32, Onondaga County, New York",1924,21042,73472,502,351,70,939,639,45,684,520,485,214,70,30,0,221,1005,8,997,1490,176,124,840,69,9,NA,607,2012,"36067003200",NA,NA,NA,NA,NA,NA,NA
"36","067",34,"Census Tract 34, Onondaga County, New York",1453,17719,25234,587,93,101,638,555,50,605,784,286,163,61,12,0,172,685,61,624,971,101,112,702,269,47,NA,897,2012,"36067003400",NA,NA,NA,NA,NA,NA,NA
"36","067",35,"Census Tract 35, Onondaga County, New York",2255,17159,22461,1054,162,84,844,947,110,1066,1154,264,86,156,22,0,404,945,281,664,1209,24,0,717,606,192,NA,880,2012,"36067003500",NA,NA,NA,NA,NA,NA,NA
"36","067",36.01,"Census Tract 36.01, Onondaga County, New York",2425,19976,27500,1441,40,226,794,810,195,1005,1012,110,78,20,12,0,388,909,330,579,1019,13,0,719,714,154,NA,688,2012,"36067003601",NA,NA,NA,NA,NA,NA,NA
"36","067",36.02,"Census Tract 36.02, Onondaga County, New York",2130,37661,47917,1289,8,200,746,983,188,1171,238,55,40,15,0,0,226,987,462,525,1042,30,30,642,434,17,NA,630,2012,"36067003602",NA,NA,NA,NA,NA,NA,NA
"36","067",38,"Census Tract 38, Onondaga County, New York",2615,22059,23281,814,25,305,1568,738,149,887,1177,151,86,47,0,0,505,924,262,662,1075,18,9,725,987,154,NA,902,2012,"36067003800",NA,NA,NA,NA,NA,NA,NA
"36","067",39,"Census Tract 39, Onondaga County, New York",3626,19500,19931,1414,43,1121,1501,980,250,1230,2088,414,145,107,0,20,642,1306,350,956,1720,140,146,755,1188,284,NA,973,2012,"36067003900",NA,NA,NA,NA,NA,NA,NA
"36","067",40,"Census Tract 40, Onondaga County, New York",1890,25653,22903,791,0,369,932,503,126,629,839,166,82,15,0,0,318,601,168,433,767,69,63,678,722,115,NA,504,2012,"36067004000",NA,NA,NA,NA,NA,NA,NA
"36","067",42,"Census Tract 42, Onondaga County, New York",1998,12781,14023,1592,47,204,122,426,261,687,1371,41,9,21,0,0,557,858,35,823,899,0,0,338,698,232,NA,793,2012,"36067004200",NA,NA,NA,NA,NA,NA,NA
"36","067",43.01,"Census Tract 43.01, Onondaga County, New York",1631,9533,11645,483,131,107,849,426,45,471,456,45,4,41,0,0,294,458,0,458,503,0,0,305,161,26,NA,1066,2012,"36067004301",NA,NA,NA,NA,NA,NA,NA
"36","067",43.02,"Census Tract 43.02, Onondaga County, New York",7620,8101,27600,798,1039,503,5257,1825,495,2327,850,206,19,21,43,0,117,501,9,492,707,64,12,645,227,0,15320,7002,2012,"36067004302",NA,NA,NA,NA,NA,NA,NA
"36","067",44,"Census Tract 44, Onondaga County, New York",2197,20399,131458,30,187,20,1967,1037,21,1058,1465,114,38,32,0,4,0,651,195,456,765,0,0,1149,116,0,12350,1731,2012,"36067004400",NA,NA,NA,NA,NA,NA,NA
"36","067",45,"Census Tract 45, Onondaga County, New York",4169,41927,73710,278,429,50,3302,2291,147,2463,1598,112,0,55,0,0,52,1559,738,821,1671,13,0,1001,572,45,34530,2082,2012,"36067004500",NA,NA,NA,NA,NA,NA,NA
"36","067",46,"Census Tract 46, Onondaga County, New York",5333,76875,94265,986,159,142,4009,2567,162,2729,571,130,130,0,0,0,101,2059,1687,372,2189,0,0,977,812,90,33575,1509,2012,"36067004600",NA,NA,NA,NA,NA,NA,NA
"36","067",48,"Census Tract 48, Onondaga County, New York",1517,64583,91333,253,0,16,1259,791,4,795,138,0,0,0,0,0,13,702,613,89,702,0,0,981,255,0,NA,284,2012,"36067004800",NA,NA,NA,NA,NA,NA,NA
"36","067",49,"Census Tract 49, Onondaga County, New York",1579,38333,42361,308,0,85,1164,598,59,657,517,83,83,0,0,0,150,580,308,272,663,0,0,803,427,99,NA,326,2012,"36067004900",NA,NA,NA,NA,NA,NA,NA
"36","067",50,"Census Tract 50, Onondaga County, New York",3065,62077,69318,1001,0,186,2037,1425,167,1592,426,135,39,54,0,0,141,1031,717,314,1166,59,40,1065,963,44,NA,933,2012,"36067005000",NA,NA,NA,NA,NA,NA,NA
"36","067",51,"Census Tract 51, Onondaga County, New York",2345,23917,25750,1564,0,273,570,680,130,810,1056,230,52,69,0,26,336,880,400,480,1110,24,24,764,926,136,NA,736,2012,"36067005100",NA,NA,NA,NA,NA,NA,NA
"36","067",52,"Census Tract 52, Onondaga County, New York",2214,27589,30139,1711,7,68,253,679,138,817,934,225,112,42,0,10,293,685,233,452,910,130,86,700,688,95,NA,765,2012,"36067005200",NA,NA,NA,NA,NA,NA,NA
"36","067",53,"Census Tract 53, Onondaga County, New York",1865,21352,23385,1513,50,39,277,383,73,456,763,199,39,101,0,0,229,569,173,396,768,80,82,655,713,44,NA,564,2012,"36067005300",NA,NA,NA,NA,NA,NA,NA
"36","067",54,"Census Tract 54, Onondaga County, New York",3431,25855,26080,2440,120,685,579,830,267,1097,1617,311,104,82,0,23,444,947,334,613,1258,68,93,827,1630,215,NA,1393,2012,"36067005400",NA,NA,NA,NA,NA,NA,NA
"36","067",55,"Census Tract 55, Onondaga County, New York",3908,30807,39191,1129,621,72,1901,1747,157,1904,1192,227,53,116,0,28,245,1741,352,1389,1968,46,30,699,570,65,NA,1515,2012,"36067005500",NA,NA,NA,NA,NA,NA,NA
"36","067",56.01,"Census Tract 56.01, Onondaga County, New York",1431,83571,99650,132,158,21,1094,938,55,993,151,6,6,0,0,0,7,744,639,105,750,0,0,1160,136,0,15535,315,2012,"36067005601",NA,NA,NA,NA,NA,NA,NA
"36","067",56.02,"Census Tract 56.02, Onondaga County, New York",2803,10282,20417,366,283,152,1955,805,131,936,509,67,26,34,0,0,14,245,26,219,312,0,0,924,38,0,NA,2728,2012,"36067005602",NA,NA,NA,NA,NA,NA,NA
"36","067",57,"Census Tract 57, Onondaga County, New York",1710,34048,43421,1030,0,66,582,829,89,918,432,125,42,51,0,32,239,720,406,314,845,0,0,909,341,69,NA,590,2012,"36067005700",NA,NA,NA,NA,NA,NA,NA
"36","067",58,"Census Tract 58, Onondaga County, New York",2700,27333,23281,2161,19,234,368,839,143,982,1399,91,31,32,0,14,289,892,406,486,983,35,43,796,1067,215,NA,736,2012,"36067005800",NA,NA,NA,NA,NA,NA,NA
"36","067",59,"Census Tract 59, Onondaga County, New York",1726,33750,35862,1351,0,64,300,581,92,673,594,152,80,26,9,8,209,576,330,246,728,58,39,829,625,93,NA,571,2012,"36067005900",NA,NA,NA,NA,NA,NA,NA
"36","067",60,"Census Tract 60, Onondaga County, New York",3610,33944,52762,1399,0,51,1902,1404,143,1557,704,135,72,26,0,0,299,1588,1121,467,1723,52,0,787,1022,59,27295,986,2012,"36067006000",NA,NA,NA,NA,NA,NA,NA
"36","067",61.01,"Census Tract 61.01, Onondaga County, New York",3751,25636,35330,2049,0,299,1130,1371,177,1548,955,201,92,81,0,28,518,1480,548,932,1681,0,0,671,865,60,NA,759,2012,"36067006101",NA,NA,NA,NA,NA,NA,NA
"36","067",61.02,"Census Tract 61.02, Onondaga County, New York",2052,23343,31607,474,326,85,1152,814,136,950,700,157,93,0,0,0,293,1343,63,1280,1500,6,0,682,309,56,NA,691,2012,"36067006102",NA,NA,NA,NA,NA,NA,NA
"36","067",61.03,"Census Tract 61.03, Onondaga County, New York",2634,58854,63869,808,32,147,1650,1412,95,1507,244,80,60,20,0,0,72,1082,950,132,1162,33,0,909,538,23,NA,584,2012,"36067006103",NA,NA,NA,NA,NA,NA,NA
"36","067",1,"Census Tract 1, Onondaga County, New York",518,31771,77292,74,44,11,400,167,72,239,133,81,10,0,0,36,87,338,64,274,419,0,0,890,43,0,NA,89,2013,"36067000100",NA,NA,NA,NA,NA,NA,NA
"36","067",2,"Census Tract 2, Onondaga County, New York",2829,32793,32596,373,87,86,2140,1268,115,1383,1299,303,92,150,0,25,416,1317,468,849,1620,107,89,740,679,198,NA,593,2013,"36067000200",NA,NA,NA,NA,NA,NA,NA
"36","067",3,"Census Tract 3, Onondaga County, New York",1716,50250,53889,200,172,111,1232,904,84,988,173,74,21,7,0,24,82,669,416,253,743,0,0,788,367,38,NA,434,2013,"36067000300",NA,NA,NA,NA,NA,NA,NA
"36","067",4,"Census Tract 4, Onondaga County, New York",3518,42418,44423,334,101,153,2890,1851,166,2044,604,96,41,0,24,31,173,1532,1042,490,1628,0,22,804,642,52,NA,723,2013,"36067000400",NA,NA,NA,NA,NA,NA,NA
"36","067",5.01,"Census Tract 5.01, Onondaga County, New York",1964,22202,20882,320,540,4,999,676,196,872,859,474,201,143,14,70,358,776,97,679,1250,115,107,660,602,76,NA,449,2013,"36067000501",NA,NA,NA,NA,NA,NA,NA
"36","067",6,"Census Tract 6, Onondaga County, New York",4066,26487,26667,711,736,254,2050,1209,391,1600,1651,172,65,65,0,25,657,1427,337,1090,1599,23,61,703,1260,100,NA,1316,2013,"36067000600",NA,NA,NA,NA,NA,NA,NA
"36","067",7,"Census Tract 7, Onondaga County, New York",1723,34816,41689,488,352,140,678,732,186,918,368,134,43,61,0,30,205,609,262,347,743,40,72,775,458,44,11590,448,2013,"36067000700",NA,NA,NA,NA,NA,NA,NA
"36","067",8,"Census Tract 8, Onondaga County, New York",2463,24960,27368,760,12,128,1528,1097,111,1208,543,162,89,40,0,33,308,1000,457,543,1162,72,33,685,807,78,NA,743,2013,"36067000800",NA,NA,NA,NA,NA,NA,NA
"36","067",9,"Census Tract 9, Onondaga County, New York",3161,67236,78690,468,124,47,2475,1774,94,1868,251,110,25,21,15,49,47,1387,973,414,1497,0,15,1042,558,0,NA,832,2013,"36067000900",NA,NA,NA,NA,NA,NA,NA
"36","067",10,"Census Tract 10, Onondaga County, New York",3978,30989,35682,948,49,434,2439,1860,193,2053,1035,100,53,47,0,0,431,2075,651,1424,2175,10,23,655,879,135,32245,1154,2013,"36067001000",NA,NA,NA,NA,NA,NA,NA
"36","067",14,"Census Tract 14, Onondaga County, New York",3497,22424,25128,650,987,410,1458,956,207,1163,1609,251,145,98,0,0,529,902,273,629,1153,87,110,760,1440,146,17620,1145,2013,"36067001400",NA,NA,NA,NA,NA,NA,NA
"36","067",15,"Census Tract 15, Onondaga County, New York",2888,23587,23879,993,560,363,942,877,191,1068,1417,168,93,8,0,25,416,906,170,736,1074,73,61,798,993,119,13085,1051,2013,"36067001500",NA,NA,NA,NA,NA,NA,NA
"36","067",16,"Census Tract 16, Onondaga County, New York",3624,22564,24100,735,98,975,2677,1094,155,1249,1566,290,151,118,0,0,728,1798,11,1787,2088,197,66,633,525,182,NA,850,2013,"36067001600",NA,NA,NA,NA,NA,NA,NA
"36","067",17.01,"Census Tract 17.01, Onondaga County, New York",2514,27331,22679,542,35,361,1534,899,168,1067,1167,141,72,47,0,22,322,997,370,627,1138,59,24,687,796,208,NA,788,2013,"36067001701",NA,NA,NA,NA,NA,NA,NA
"36","067",17.02,"Census Tract 17.02, Onondaga County, New York",2574,44549,48529,132,0,311,2096,1502,53,1564,401,107,60,0,0,10,189,1113,601,512,1220,37,37,818,557,69,NA,661,2013,"36067001702",NA,NA,NA,NA,NA,NA,NA
"36","067",18,"Census Tract 18, Onondaga County, New York",2574,42500,52112,246,0,71,2175,1410,37,1464,307,160,71,33,8,0,120,1254,727,527,1414,54,0,765,330,34,NA,613,2013,"36067001800",NA,NA,NA,NA,NA,NA,NA
"36","067",19,"Census Tract 19, Onondaga County, New York",3541,47381,64083,278,50,103,3113,1940,185,2125,440,206,67,55,0,23,195,1780,1236,544,1986,46,0,714,599,24,NA,637,2013,"36067001900",NA,NA,NA,NA,NA,NA,NA
"36","067",20,"Census Tract 20, Onondaga County, New York",2209,30884,38155,252,0,85,1858,1054,103,1157,555,110,76,0,0,0,336,1005,411,594,1115,6,25,692,442,55,NA,533,2013,"36067002000",NA,NA,NA,NA,NA,NA,NA
"36","067",21.01,"Census Tract 21.01, Onondaga County, New York",3307,25625,24083,876,11,667,2141,1152,257,1409,1519,371,195,73,0,54,455,1049,263,786,1420,119,76,753,1320,154,25965,1075,2013,"36067002101",NA,NA,NA,NA,NA,NA,NA
"36","067",23,"Census Tract 23, Onondaga County, New York",1735,20571,21288,703,181,241,682,594,124,718,720,218,96,92,0,30,448,924,64,860,1142,174,87,607,295,44,10930,419,2013,"36067002300",NA,NA,NA,NA,NA,NA,NA
"36","067",24,"Census Tract 24, Onondaga County, New York",1943,24609,25150,679,202,176,887,779,126,905,851,172,105,56,0,0,322,773,137,636,945,87,57,707,603,139,NA,687,2013,"36067002400",NA,NA,NA,NA,NA,NA,NA
"36","067",27,"Census Tract 27, Onondaga County, New York",1851,42169,50938,46,0,33,1566,991,74,1065,473,96,20,39,0,0,141,893,328,565,989,63,63,704,307,58,19280,349,2013,"36067002700",NA,NA,NA,NA,NA,NA,NA
"36","067",29.01,"Census Tract 29.01, Onondaga County, New York",2758,46875,74167,121,159,73,2238,1748,123,1871,477,64,0,0,18,46,105,1321,588,733,1385,22,22,817,433,47,NA,667,2013,"36067002901",NA,NA,NA,NA,NA,NA,NA
"36","067",30,"Census Tract 30, Onondaga County, New York",1884,13891,14792,853,13,719,662,436,110,546,1229,133,44,58,0,16,590,845,106,739,978,47,44,388,631,217,NA,505,2013,"36067003000",NA,NA,NA,NA,NA,NA,NA
"36","067",32,"Census Tract 32, Onondaga County, New York",1931,26438,72857,461,372,83,933,650,42,692,570,457,198,37,32,0,203,963,15,948,1420,145,90,855,87,30,NA,601,2013,"36067003200",NA,NA,NA,NA,NA,NA,NA
"36","067",34,"Census Tract 34, Onondaga County, New York",1223,14668,20221,356,71,91,583,439,35,474,652,287,132,74,24,0,152,617,69,548,904,91,64,719,195,35,NA,676,2013,"36067003400",NA,NA,NA,NA,NA,NA,NA
"36","067",35,"Census Tract 35, Onondaga County, New York",2146,15819,20132,1020,265,134,690,853,118,971,1127,262,139,100,23,0,421,925,230,695,1187,20,20,689,511,189,15635,835,2013,"36067003500",NA,NA,NA,NA,NA,NA,NA
"36","067",36.01,"Census Tract 36.01, Onondaga County, New York",2445,29453,30446,1593,19,195,668,772,188,960,1059,119,84,21,14,0,304,855,306,549,974,16,0,761,713,174,NA,687,2013,"36067003601",NA,NA,NA,NA,NA,NA,NA
"36","067",36.02,"Census Tract 36.02, Onondaga County, New York",2094,38346,48929,1268,16,169,682,978,214,1192,211,85,58,27,0,0,215,943,425,518,1028,24,24,653,409,18,NA,558,2013,"36067003602",NA,NA,NA,NA,NA,NA,NA
"36","067",38,"Census Tract 38, Onondaga County, New York",2561,27500,28173,642,35,457,1470,738,230,968,1084,121,44,55,0,0,555,954,317,637,1075,21,11,693,805,166,NA,630,2013,"36067003800",NA,NA,NA,NA,NA,NA,NA
"36","067",39,"Census Tract 39, Onondaga County, New York",3463,16607,16786,1423,8,914,1383,887,207,1094,2010,406,120,121,0,11,690,1304,337,967,1710,156,141,710,1128,331,NA,975,2013,"36067003900",NA,NA,NA,NA,NA,NA,NA
"36","067",40,"Census Tract 40, Onondaga County, New York",1769,26736,26042,903,0,168,681,599,132,731,525,194,97,40,0,0,294,559,181,378,753,86,67,732,582,50,NA,460,2013,"36067004000",NA,NA,NA,NA,NA,NA,NA
"36","067",42,"Census Tract 42, Onondaga County, New York",2194,12134,13750,1821,7,202,187,429,282,711,1446,47,9,29,0,0,638,886,33,853,933,0,0,331,883,227,NA,825,2013,"36067004200",NA,NA,NA,NA,NA,NA,NA
"36","067",43.01,"Census Tract 43.01, Onondaga County, New York",1660,9089,10104,551,107,123,835,412,97,509,544,23,4,19,0,0,326,503,9,494,526,0,0,278,152,39,NA,1036,2013,"36067004301",NA,NA,NA,NA,NA,NA,NA
"36","067",43.02,"Census Tract 43.02, Onondaga County, New York",7041,9490,19861,678,1017,463,4866,1710,427,2143,682,237,54,22,48,0,138,470,2,468,707,68,0,639,197,3,NA,6460,2013,"36067004302",NA,NA,NA,NA,NA,NA,NA
"36","067",44,"Census Tract 44, Onondaga County, New York",2260,17587,134125,43,205,50,1976,1094,44,1138,1581,61,12,13,0,4,6,687,189,498,748,0,0,1146,152,0,NA,1798,2013,"36067004400",NA,NA,NA,NA,NA,NA,NA
"36","067",45,"Census Tract 45, Onondaga County, New York",4160,41287,79286,256,332,101,3315,2283,143,2466,1737,183,28,60,0,39,55,1524,710,814,1707,11,0,976,498,47,38830,2091,2013,"36067004500",NA,NA,NA,NA,NA,NA,NA
"36","067",46,"Census Tract 46, Onondaga County, New York",5224,77315,92056,811,181,93,4034,2547,164,2711,518,119,119,0,0,0,139,1994,1639,355,2113,0,0,999,802,80,NA,1439,2013,"36067004600",NA,NA,NA,NA,NA,NA,NA
"36","067",48,"Census Tract 48, Onondaga County, New York",1402,62727,86579,177,0,13,1219,700,4,704,101,21,0,0,0,21,20,680,582,98,701,0,0,968,197,0,NA,257,2013,"36067004800",NA,NA,NA,NA,NA,NA,NA
"36","067",49,"Census Tract 49, Onondaga County, New York",1566,38450,46705,298,0,89,1123,582,59,641,478,60,48,12,0,0,123,591,328,263,651,0,0,774,454,51,NA,391,2013,"36067004900",NA,NA,NA,NA,NA,NA,NA
"36","067",50,"Census Tract 50, Onondaga County, New York",2970,64907,69709,1004,0,278,1933,1435,158,1593,464,148,53,48,0,0,166,1020,669,351,1168,67,46,1100,926,30,NA,904,2013,"36067005000",NA,NA,NA,NA,NA,NA,NA
"36","067",51,"Census Tract 51, Onondaga County, New York",2171,21272,25833,1429,0,277,575,635,165,800,962,286,69,76,0,39,381,851,357,494,1137,88,54,768,794,160,NA,654,2013,"36067005100",NA,NA,NA,NA,NA,NA,NA
"36","067",52,"Census Tract 52, Onondaga County, New York",2047,25329,22708,1659,6,87,208,576,159,735,905,239,109,51,0,23,299,649,191,458,888,128,86,696,655,118,NA,708,2013,"36067005200",NA,NA,NA,NA,NA,NA,NA
"36","067",53,"Census Tract 53, Onondaga County, New York",1811,20550,23971,1506,13,80,242,368,121,489,1011,191,62,72,0,0,246,553,144,409,744,71,104,635,704,92,NA,613,2013,"36067005300",NA,NA,NA,NA,NA,NA,NA
"36","067",54,"Census Tract 54, Onondaga County, New York",2985,28929,27115,2263,115,424,308,772,303,1075,1407,315,158,88,0,15,456,904,353,551,1219,90,136,860,1249,196,NA,1195,2013,"36067005400",NA,NA,NA,NA,NA,NA,NA
"36","067",55,"Census Tract 55, Onondaga County, New York",3690,27540,39194,1038,531,114,1784,1778,131,1909,1095,203,53,112,10,0,253,1794,374,1420,1997,44,28,713,608,64,25255,1404,2013,"36067005500",NA,NA,NA,NA,NA,NA,NA
"36","067",56.01,"Census Tract 56.01, Onondaga County, New York",1346,80000,98365,165,74,21,1059,901,29,930,82,25,25,0,0,0,5,716,596,120,741,19,0,1101,146,0,15515,280,2013,"36067005601",NA,NA,NA,NA,NA,NA,NA
"36","067",56.02,"Census Tract 56.02, Onondaga County, New York",3191,12448,13700,372,356,196,2100,948,187,1135,456,31,8,16,0,0,15,185,26,159,216,0,0,1013,29,0,NA,3087,2013,"36067005602",NA,NA,NA,NA,NA,NA,NA
"36","067",57,"Census Tract 57, Onondaga County, New York",1858,35662,33625,1131,0,57,614,760,109,869,535,86,43,12,0,31,222,721,407,314,807,0,0,933,534,101,NA,667,2013,"36067005700",NA,NA,NA,NA,NA,NA,NA
"36","067",58,"Census Tract 58, Onondaga County, New York",2573,28090,24408,1943,0,349,418,804,171,975,1304,123,40,52,0,15,340,873,342,531,996,33,46,868,907,190,NA,726,2013,"36067005800",NA,NA,NA,NA,NA,NA,NA
"36","067",59,"Census Tract 59, Onondaga County, New York",1666,34500,36280,1359,0,149,228,534,129,663,573,227,148,25,10,10,247,544,283,261,771,90,68,928,543,61,NA,529,2013,"36067005900",NA,NA,NA,NA,NA,NA,NA
"36","067",60,"Census Tract 60, Onondaga County, New York",3870,34870,56188,1368,0,176,2199,1518,171,1698,789,91,32,18,0,0,381,1593,1082,511,1684,69,28,787,1147,115,NA,1037,2013,"36067006000",NA,NA,NA,NA,NA,NA,NA
"36","067",61.01,"Census Tract 61.01, Onondaga County, New York",4033,24886,37113,2236,0,161,1200,1431,156,1587,1286,223,97,77,0,22,589,1490,536,954,1713,26,26,687,888,140,NA,749,2013,"36067006101",NA,NA,NA,NA,NA,NA,NA
"36","067",61.02,"Census Tract 61.02, Onondaga County, New York",1998,23773,31050,418,266,38,1209,835,117,952,648,149,95,0,0,0,273,1332,62,1270,1481,4,0,681,246,53,NA,623,2013,"36067006102",NA,NA,NA,NA,NA,NA,NA
"36","067",61.03,"Census Tract 61.03, Onondaga County, New York",2559,61304,69904,573,27,96,1833,1436,132,1568,116,81,81,0,0,0,71,1059,970,89,1140,38,0,911,477,12,NA,528,2013,"36067006103",NA,NA,NA,NA,NA,NA,NA
"36","067",1,"Census Tract 1, Onondaga County, New York",598,49605,95104,76,65,14,457,274,38,312,129,78,9,0,0,35,52,380,64,316,458,0,0,998,59,0,NA,99,2014,"36067000100",NA,NA,NA,NA,NA,NA,NA
"36","067",2,"Census Tract 2, Onondaga County, New York",2917,34883,30288,198,213,201,2176,1373,85,1458,1315,330,139,138,0,26,479,1311,466,845,1641,83,79,749,733,225,26050,649,2014,"36067000200",NA,NA,NA,NA,NA,NA,NA
"36","067",3,"Census Tract 3, Onondaga County, New York",1742,50244,51458,305,145,90,1163,827,63,894,163,84,33,7,0,22,102,664,442,222,748,0,0,816,428,21,NA,398,2014,"36067000300",NA,NA,NA,NA,NA,NA,NA
"36","067",4,"Census Tract 4, Onondaga County, New York",3457,40387,40862,295,142,168,2803,1696,145,1875,674,137,56,0,24,33,182,1517,1052,465,1654,24,21,820,652,72,NA,780,2014,"36067000400",NA,NA,NA,NA,NA,NA,NA
"36","067",5.01,"Census Tract 5.01, Onondaga County, New York",2062,22615,20197,387,486,76,1005,687,145,832,908,383,203,120,14,21,427,858,101,757,1241,128,125,675,683,87,NA,522,2014,"36067000501",NA,NA,NA,NA,NA,NA,NA
"36","067",6,"Census Tract 6, Onondaga County, New York",3895,25875,26427,698,617,198,1987,1137,423,1560,1578,199,85,64,7,0,681,1437,226,1211,1636,50,61,697,1218,79,NA,1336,2014,"36067000600",NA,NA,NA,NA,NA,NA,NA
"36","067",7,"Census Tract 7, Onondaga County, New York",1540,36648,50982,496,277,152,571,705,165,870,279,123,78,22,0,23,222,613,241,372,736,38,72,766,321,25,11895,382,2014,"36067000700",NA,NA,NA,NA,NA,NA,NA
"36","067",8,"Census Tract 8, Onondaga County, New York",2604,32568,29477,1137,22,93,1240,1169,106,1275,697,196,122,44,0,14,369,960,352,608,1156,89,34,684,895,92,NA,876,2014,"36067000800",NA,NA,NA,NA,NA,NA,NA
"36","067",9,"Census Tract 9, Onondaga County, New York",3142,71375,80000,353,101,61,2593,1762,88,1850,333,161,83,17,15,46,79,1362,989,373,1523,0,56,1004,560,24,NA,838,2014,"36067000900",NA,NA,NA,NA,NA,NA,NA
"36","067",10,"Census Tract 10, Onondaga County, New York",4030,31871,49286,893,36,352,2707,1837,181,2018,1007,179,52,127,0,0,440,2022,658,1364,2201,13,29,683,943,156,NA,1049,2014,"36067001000",NA,NA,NA,NA,NA,NA,NA
"36","067",14,"Census Tract 14, Onondaga County, New York",3746,20423,20882,613,1232,320,1359,931,182,1113,1980,238,170,68,0,0,584,934,272,662,1172,77,93,776,1584,208,17320,1282,2014,"36067001400",NA,NA,NA,NA,NA,NA,NA
"36","067",15,"Census Tract 15, Onondaga County, New York",3230,24635,26667,1070,728,387,957,973,224,1197,1624,159,106,18,0,25,463,942,193,749,1101,59,53,821,1121,141,16220,1225,2014,"36067001500",NA,NA,NA,NA,NA,NA,NA
"36","067",16,"Census Tract 16, Onondaga County, New York",3035,21747,36169,748,121,241,2013,1031,159,1190,856,360,157,117,0,19,589,1759,26,1733,2119,191,88,638,159,38,NA,471,2014,"36067001600",NA,NA,NA,NA,NA,NA,NA
"36","067",17.01,"Census Tract 17.01, Onondaga County, New York",2611,27226,21731,442,36,477,1416,851,147,998,1309,163,62,81,0,20,332,1001,427,574,1164,59,22,723,920,206,NA,916,2014,"36067001701",NA,NA,NA,NA,NA,NA,NA
"36","067",17.02,"Census Tract 17.02, Onondaga County, New York",2416,44437,53929,275,0,240,1988,1429,55,1490,442,118,71,0,0,10,203,1102,597,505,1220,37,37,811,460,51,NA,402,2014,"36067001702",NA,NA,NA,NA,NA,NA,NA
"36","067",18,"Census Tract 18, Onondaga County, New York",2754,44449,50966,416,57,72,2068,1516,72,1603,426,130,39,32,8,0,163,1269,736,533,1399,48,0,798,450,60,NA,629,2014,"36067001800",NA,NA,NA,NA,NA,NA,NA
"36","067",19,"Census Tract 19, Onondaga County, New York",3389,39945,52862,252,68,94,2954,1667,202,1869,550,190,76,56,0,26,264,1813,1179,634,2003,55,0,722,523,22,NA,622,2014,"36067001900",NA,NA,NA,NA,NA,NA,NA
"36","067",20,"Census Tract 20, Onondaga County, New York",2078,30524,37750,239,0,89,1729,944,87,1031,540,122,47,34,0,11,307,948,420,528,1070,6,24,663,446,65,NA,552,2014,"36067002000",NA,NA,NA,NA,NA,NA,NA
"36","067",21.01,"Census Tract 21.01, Onondaga County, New York",3103,22444,19781,812,112,650,1894,1101,253,1354,1493,360,170,103,10,32,468,1072,258,814,1432,54,31,802,1134,149,NA,1041,2014,"36067002101",NA,NA,NA,NA,NA,NA,NA
"36","067",23,"Census Tract 23, Onondaga County, New York",1768,19537,22244,553,263,170,759,610,76,686,731,258,175,51,0,32,449,938,62,876,1196,210,148,595,377,44,10195,424,2014,"36067002300",NA,NA,NA,NA,NA,NA,NA
"36","067",24,"Census Tract 24, Onondaga County, New York",1962,22036,18750,723,236,178,871,695,105,800,1015,207,122,62,12,0,336,751,99,652,958,117,76,702,726,137,13775,798,2014,"36067002400",NA,NA,NA,NA,NA,NA,NA
"36","067",27,"Census Tract 27, Onondaga County, New York",1897,33317,48636,57,0,53,1652,1022,68,1090,443,95,34,13,0,13,163,897,298,599,992,62,69,729,284,38,21080,349,2014,"36067002700",NA,NA,NA,NA,NA,NA,NA
"36","067",29.01,"Census Tract 29.01, Onondaga County, New York",2607,50323,57708,49,0,123,2335,1706,101,1807,350,87,0,0,15,72,204,1330,476,854,1417,24,24,764,380,14,NA,643,2014,"36067002901",NA,NA,NA,NA,NA,NA,NA
"36","067",30,"Census Tract 30, Onondaga County, New York",1887,12799,13139,699,2,847,752,431,110,541,1227,124,38,43,0,15,590,842,87,755,966,67,66,409,612,206,NA,509,2014,"36067003000",NA,NA,NA,NA,NA,NA,NA
"36","067",32,"Census Tract 32, Onondaga County, New York",2224,26696,42000,532,428,59,1057,748,69,817,683,329,113,56,29,0,263,1059,47,1012,1388,156,104,896,86,61,NA,701,2014,"36067003200",NA,NA,NA,NA,NA,NA,NA
"36","067",34,"Census Tract 34, Onondaga County, New York",1272,14969,20313,322,176,106,562,459,38,497,674,266,87,83,16,0,155,633,55,578,899,105,77,733,182,23,6985,650,2014,"36067003400",NA,NA,NA,NA,NA,NA,NA
"36","067",35,"Census Tract 35, Onondaga County, New York",2382,17863,18636,1063,169,275,1031,856,140,996,1250,269,118,131,20,0,440,947,256,691,1216,29,18,752,706,214,14620,825,2014,"36067003500",NA,NA,NA,NA,NA,NA,NA
"36","067",36.01,"Census Tract 36.01, Onondaga County, New York",2319,25750,32632,1331,43,217,790,820,199,1019,1045,112,68,19,13,12,333,867,333,534,979,15,19,778,654,170,15035,597,2014,"36067003601",NA,NA,NA,NA,NA,NA,NA
"36","067",36.02,"Census Tract 36.02, Onondaga County, New York",2214,41676,47431,1252,57,125,760,1073,152,1225,255,56,24,32,0,0,232,957,439,518,1013,0,0,723,493,9,NA,597,2014,"36067003602",NA,NA,NA,NA,NA,NA,NA
"36","067",38,"Census Tract 38, Onondaga County, New York",2544,25682,33482,792,5,513,1364,742,227,969,985,105,58,24,0,0,528,936,330,606,1041,24,12,697,796,138,NA,635,2014,"36067003800",NA,NA,NA,NA,NA,NA,NA
"36","067",39,"Census Tract 39, Onondaga County, New York",3394,19758,22339,1519,9,783,1239,861,269,1130,1792,422,149,107,0,18,705,1242,383,859,1664,184,185,705,1069,270,NA,987,2014,"36067003900",NA,NA,NA,NA,NA,NA,NA
"36","067",40,"Census Tract 40, Onondaga County, New York",1742,29438,25547,966,0,153,554,561,89,650,594,235,99,68,0,0,319,529,182,347,764,80,69,755,562,109,NA,475,2014,"36067004000",NA,NA,NA,NA,NA,NA,NA
"36","067",42,"Census Tract 42, Onondaga County, New York",2311,11744,14167,1813,6,357,247,487,312,799,1592,28,9,7,0,0,697,933,33,900,961,0,0,311,937,253,NA,874,2014,"36067004200",NA,NA,NA,NA,NA,NA,NA
"36","067",43.01,"Census Tract 43.01, Onondaga County, New York",1673,9268,17986,592,99,210,798,403,109,512,513,24,3,21,0,0,351,528,11,517,552,0,0,274,167,41,NA,1061,2014,"36067004301",NA,NA,NA,NA,NA,NA,NA
"36","067",43.02,"Census Tract 43.02, Onondaga County, New York",6710,9171,18333,581,1003,440,4715,1602,501,2109,788,220,70,11,50,0,149,475,2,473,695,72,0,648,160,5,NA,6178,2014,"36067004302",NA,NA,NA,NA,NA,NA,NA
"36","067",44,"Census Tract 44, Onondaga County, New York",2040,19844,178542,43,209,52,1734,1031,42,1073,1358,100,22,13,4,5,6,637,183,454,737,10,10,1375,133,0,NA,1548,2014,"36067004400",NA,NA,NA,NA,NA,NA,NA
"36","067",45,"Census Tract 45, Onondaga County, New York",4027,48380,78594,185,246,134,3313,2266,122,2399,1677,185,33,70,0,15,53,1503,688,815,1688,0,0,950,376,11,38890,2058,2014,"36067004500",NA,NA,NA,NA,NA,NA,NA
"36","067",46,"Census Tract 46, Onondaga County, New York",5202,73000,94318,1058,204,147,3711,2443,208,2651,569,178,139,0,0,0,172,1984,1560,424,2162,0,0,984,777,100,NA,1372,2014,"36067004600",NA,NA,NA,NA,NA,NA,NA
"36","067",48,"Census Tract 48, Onondaga County, New York",1560,65278,83636,234,0,22,1295,784,14,798,191,37,0,0,0,37,17,664,564,100,701,5,5,985,278,6,10965,360,2014,"36067004800",NA,NA,NA,NA,NA,NA,NA
"36","067",49,"Census Tract 49, Onondaga County, New York",1363,39688,45750,182,10,91,1022,512,36,548,457,104,74,30,0,0,88,531,288,243,635,19,0,807,360,47,NA,370,2014,"36067004900",NA,NA,NA,NA,NA,NA,NA
"36","067",50,"Census Tract 50, Onondaga County, New York",2924,66371,80982,879,0,120,2018,1528,163,1691,403,112,42,19,0,0,123,1064,723,341,1176,51,35,1139,843,38,NA,873,2014,"36067005000",NA,NA,NA,NA,NA,NA,NA
"36","067",51,"Census Tract 51, Onondaga County, New York",2247,24394,30650,1248,34,333,728,690,135,825,1005,272,79,109,0,31,304,840,369,471,1112,60,28,808,781,151,NA,670,2014,"36067005100",NA,NA,NA,NA,NA,NA,NA
"36","067",52,"Census Tract 52, Onondaga County, New York",2146,22708,20875,1699,5,181,215,543,186,729,930,246,126,62,0,16,330,668,187,481,914,109,88,770,720,135,NA,723,2014,"36067005200",NA,NA,NA,NA,NA,NA,NA
"36","067",53,"Census Tract 53, Onondaga County, New York",1953,21382,24375,1659,9,64,248,378,125,503,1045,178,63,56,0,0,256,554,126,428,732,64,92,680,751,80,NA,698,2014,"36067005300",NA,NA,NA,NA,NA,NA,NA
"36","067",54,"Census Tract 54, Onondaga County, New York",3156,29938,26364,2238,204,465,380,782,329,1111,1600,266,123,101,0,0,460,873,315,558,1139,108,152,903,1274,201,NA,1231,2014,"36067005400",NA,NA,NA,NA,NA,NA,NA
"36","067",55,"Census Tract 55, Onondaga County, New York",3679,28953,40000,1164,595,55,1702,1815,132,1947,1222,218,47,115,8,0,265,1780,415,1365,1998,45,30,731,602,66,NA,1445,2014,"36067005500",NA,NA,NA,NA,NA,NA,NA
"36","067",56.01,"Census Tract 56.01, Onondaga County, New York",1389,79070,92375,180,71,35,1082,827,40,867,139,56,35,0,0,21,14,690,587,103,746,22,0,1131,236,10,14520,324,2014,"36067005601",NA,NA,NA,NA,NA,NA,NA
"36","067",56.02,"Census Tract 56.02, Onondaga County, New York",3728,13304,13973,492,420,274,2420,1173,212,1385,510,26,0,18,0,0,16,198,35,163,224,0,0,996,29,0,NA,3607,2014,"36067005602",NA,NA,NA,NA,NA,NA,NA
"36","067",57,"Census Tract 57, Onondaga County, New York",1795,36354,35341,908,0,51,727,738,110,848,406,107,88,19,0,0,262,723,452,271,830,0,0,878,493,60,NA,517,2014,"36067005700",NA,NA,NA,NA,NA,NA,NA
"36","067",58,"Census Tract 58, Onondaga County, New York",2571,29014,28350,1887,0,318,390,753,204,957,1221,136,52,65,0,0,364,836,269,567,972,30,36,888,883,145,NA,660,2014,"36067005800",NA,NA,NA,NA,NA,NA,NA
"36","067",59,"Census Tract 59, Onondaga County, New York",1743,29297,35556,1394,42,142,224,475,190,665,569,232,155,18,9,20,270,559,237,322,791,83,93,901,516,34,NA,498,2014,"36067005900",NA,NA,NA,NA,NA,NA,NA
"36","067",60,"Census Tract 60, Onondaga County, New York",3627,33720,56382,1452,0,276,2035,1601,156,1762,674,138,75,20,0,0,468,1541,1031,510,1679,119,34,771,908,85,NA,806,2014,"36067006000",NA,NA,NA,NA,NA,NA,NA
"36","067",61.01,"Census Tract 61.01, Onondaga County, New York",3758,28933,39891,2194,0,126,1224,1333,118,1451,1018,315,126,133,0,24,541,1422,512,910,1737,29,29,687,793,132,NA,645,2014,"36067006101",NA,NA,NA,NA,NA,NA,NA
"36","067",61.02,"Census Tract 61.02, Onondaga County, New York",1990,21744,24561,490,284,59,1082,747,126,873,693,107,76,0,0,0,292,1330,49,1281,1437,9,0,703,279,75,NA,664,2014,"36067006102",NA,NA,NA,NA,NA,NA,NA
"36","067",61.03,"Census Tract 61.03, Onondaga County, New York",2495,64565,71389,521,9,107,1811,1415,86,1525,133,99,99,0,0,0,84,1054,924,130,1153,31,0,706,455,14,NA,511,2014,"36067006103",NA,NA,NA,NA,NA,NA,NA
"36","067",1,"Census Tract 1, Onondaga County, New York",644,49342,NA,79,85,19,476,335,39,374,147,73,8,16,7,0,48,430,69,361,503,0,0,1038,59,0,NA,86,2015,"36067000100",NA,NA,NA,NA,NA,NA,NA
"36","067",2,"Census Tract 2, Onondaga County, New York",3042,35876,35547,230,164,403,2259,1325,129,1454,1280,335,155,127,0,25,455,1293,473,820,1628,84,81,746,862,194,23680,797,2015,"36067000200",NA,NA,NA,NA,NA,NA,NA
"36","067",3,"Census Tract 3, Onondaga County, New York",1635,46406,52917,293,145,38,1155,764,56,825,179,57,32,0,0,25,103,665,444,221,722,0,0,798,379,24,NA,399,2015,"36067000300",NA,NA,NA,NA,NA,NA,NA
"36","067",4,"Census Tract 4, Onondaga County, New York",3402,41935,52857,449,242,188,2582,1732,98,1870,549,167,56,0,24,63,117,1499,1079,420,1666,58,22,785,574,22,NA,603,2015,"36067000400",NA,NA,NA,NA,NA,NA,NA
"36","067",5.01,"Census Tract 5.01, Onondaga County, New York",2156,20165,21757,422,550,260,944,627,149,776,1018,344,168,115,16,24,509,865,98,767,1209,126,109,643,707,77,13160,590,2015,"36067000501",NA,NA,NA,NA,NA,NA,NA
"36","067",6,"Census Tract 6, Onondaga County, New York",3716,25965,27589,785,676,294,1747,1265,276,1541,1527,224,86,103,8,0,649,1376,221,1155,1600,90,42,697,947,88,NA,1118,2015,"36067000600",NA,NA,NA,NA,NA,NA,NA
"36","067",7,"Census Tract 7, Onondaga County, New York",1624,36923,50375,437,415,141,578,739,164,903,327,126,71,31,0,24,233,626,253,373,752,40,78,768,305,27,NA,434,2015,"36067000700",NA,NA,NA,NA,NA,NA,NA
"36","067",8,"Census Tract 8, Onondaga County, New York",2726,37692,33103,1324,32,94,1137,1309,106,1415,690,193,123,34,0,17,335,966,380,586,1159,65,17,688,952,80,NA,945,2015,"36067000800",NA,NA,NA,NA,NA,NA,NA
"36","067",9,"Census Tract 9, Onondaga County, New York",3019,76214,90024,329,40,129,2562,1728,62,1790,267,225,122,18,14,71,111,1326,974,352,1551,0,57,943,503,18,NA,659,2015,"36067000900",NA,NA,NA,NA,NA,NA,NA
"36","067",10,"Census Tract 10, Onondaga County, New York",4464,31353,35000,1036,37,316,2969,1724,153,1877,1325,128,84,44,0,0,526,2064,685,1379,2192,14,14,734,1323,236,NA,1146,2015,"36067001000",NA,NA,NA,NA,NA,NA,NA
"36","067",14,"Census Tract 14, Onondaga County, New York",3765,20500,22121,843,1317,314,1096,875,154,1029,2063,272,223,49,0,0,579,890,229,661,1162,73,106,755,1654,193,16315,1375,2015,"36067001400",NA,NA,NA,NA,NA,NA,NA
"36","067",15,"Census Tract 15, Onondaga County, New York",3125,27639,28444,747,747,342,1177,1027,194,1221,1475,161,127,16,0,8,452,943,215,728,1104,50,77,822,1087,143,17975,1176,2015,"36067001500",NA,NA,NA,NA,NA,NA,NA
"36","067",16,"Census Tract 16, Onondaga County, New York",3130,21672,36542,801,113,185,2028,1090,89,1179,808,313,86,138,0,20,599,1809,24,1785,2122,147,20,648,157,33,NA,456,2015,"36067001600",NA,NA,NA,NA,NA,NA,NA
"36","067",17.01,"Census Tract 17.01, Onondaga County, New York",2553,34724,27460,310,14,464,1441,935,139,1074,1135,206,55,113,0,21,222,999,442,557,1205,84,19,713,865,135,NA,832,2015,"36067001701",NA,NA,NA,NA,NA,NA,NA
"36","067",17.02,"Census Tract 17.02, Onondaga County, New York",2305,45045,62028,268,0,149,2015,1330,54,1392,357,151,78,30,0,10,185,1068,628,440,1219,33,33,825,420,26,NA,385,2015,"36067001702",NA,NA,NA,NA,NA,NA,NA
"36","067",18,"Census Tract 18, Onondaga County, New York",2712,41843,60489,505,67,163,1983,1527,108,1650,412,96,34,0,9,0,188,1309,702,607,1405,52,0,793,435,55,NA,561,2015,"36067001800",NA,NA,NA,NA,NA,NA,NA
"36","067",19,"Census Tract 19, Onondaga County, New York",3755,39654,51908,305,61,84,3305,1905,222,2127,790,126,71,31,0,0,320,1901,1232,669,2027,111,63,748,602,59,NA,699,2015,"36067001900",NA,NA,NA,NA,NA,NA,NA
"36","067",20,"Census Tract 20, Onondaga County, New York",2037,32500,37993,184,0,122,1743,980,69,1049,497,152,47,41,0,23,278,912,429,483,1064,46,0,682,391,50,NA,483,2015,"36067002000",NA,NA,NA,NA,NA,NA,NA
"36","067",21.01,"Census Tract 21.01, Onondaga County, New York",3072,22212,18497,737,103,460,1969,1033,160,1193,1620,416,234,91,19,30,488,1006,242,764,1422,90,43,836,1123,175,NA,1072,2015,"36067002101",NA,NA,NA,NA,NA,NA,NA
"36","067",23,"Census Tract 23, Onondaga County, New York",1684,19283,30288,514,282,104,764,588,113,701,688,315,191,78,0,46,392,877,68,809,1192,206,169,606,387,45,10020,407,2015,"36067002300",NA,NA,NA,NA,NA,NA,NA
"36","067",24,"Census Tract 24, Onondaga County, New York",1930,23102,25040,602,166,250,916,740,113,853,979,228,138,68,12,0,369,771,140,631,999,117,37,694,676,131,NA,737,2015,"36067002400",NA,NA,NA,NA,NA,NA,NA
"36","067",27,"Census Tract 27, Onondaga County, New York",2010,31649,37000,95,4,54,1665,1058,90,1148,543,128,42,25,0,25,232,903,315,588,1031,89,79,728,306,53,22730,388,2015,"36067002700",NA,NA,NA,NA,NA,NA,NA
"36","067",29.01,"Census Tract 29.01, Onondaga County, New York",2745,56230,49231,61,0,115,2471,1841,76,1917,342,117,0,20,19,78,182,1315,480,835,1432,0,0,762,415,12,NA,635,2015,"36067002901",NA,NA,NA,NA,NA,NA,NA
"36","067",30,"Census Tract 30, Onondaga County, New York",1827,12675,15117,599,3,895,826,493,154,647,1175,178,76,60,0,13,562,775,106,669,953,84,76,447,470,139,NA,434,2015,"36067003000",NA,NA,NA,NA,NA,NA,NA
"36","067",32,"Census Tract 32, Onondaga County, New York",2428,50053,99688,544,420,88,1251,929,57,986,661,273,75,46,30,0,158,1070,55,1015,1343,117,64,1034,89,33,NA,816,2015,"36067003200",NA,NA,NA,NA,NA,NA,NA
"36","067",34,"Census Tract 34, Onondaga County, New York",1213,13224,18933,364,167,104,435,471,36,507,667,232,55,113,5,0,172,608,60,548,840,30,21,745,243,34,NA,646,2015,"36067003400",NA,NA,NA,NA,NA,NA,NA
"36","067",35,"Census Tract 35, Onondaga County, New York",2291,16304,16714,1007,211,326,930,813,176,989,1272,294,164,110,20,0,464,937,230,707,1231,32,19,754,667,190,NA,879,2015,"36067003500",NA,NA,NA,NA,NA,NA,NA
"36","067",36.01,"Census Tract 36.01, Onondaga County, New York",2333,30026,34276,1464,45,206,610,854,198,1052,888,164,88,50,13,13,365,837,325,512,1001,14,19,719,665,119,NA,616,2015,"36067003601",NA,NA,NA,NA,NA,NA,NA
"36","067",36.02,"Census Tract 36.02, Onondaga County, New York",2215,38618,51087,1229,55,141,782,999,182,1181,383,110,51,28,16,0,228,909,419,490,1019,29,29,802,507,6,NA,633,2015,"36067003602",NA,NA,NA,NA,NA,NA,NA
"36","067",38,"Census Tract 38, Onondaga County, New York",2431,26585,33523,811,5,466,1306,738,198,936,953,109,56,0,0,14,460,903,264,639,1012,27,14,696,735,110,NA,601,2015,"36067003800",NA,NA,NA,NA,NA,NA,NA
"36","067",39,"Census Tract 39, Onondaga County, New York",3267,15952,17473,1287,9,695,1254,855,192,1047,1924,482,208,96,0,32,645,1210,342,868,1692,268,229,704,1180,254,NA,1094,2015,"36067003900",NA,NA,NA,NA,NA,NA,NA
"36","067",40,"Census Tract 40, Onondaga County, New York",1803,28472,29342,946,0,235,651,588,50,638,581,215,92,73,0,12,367,532,137,395,747,73,96,758,589,99,NA,473,2015,"36067004000",NA,NA,NA,NA,NA,NA,NA
"36","067",42,"Census Tract 42, Onondaga County, New York",2203,12010,16215,1633,7,421,269,471,230,701,1471,52,20,13,0,0,701,891,24,867,943,0,0,300,910,221,NA,827,2015,"36067004200",NA,NA,NA,NA,NA,NA,NA
"36","067",43.01,"Census Tract 43.01, Onondaga County, New York",1592,8942,NA,586,79,190,748,366,101,467,519,45,15,30,0,0,370,523,14,509,568,5,0,264,188,50,NA,1003,2015,"36067004301",NA,NA,NA,NA,NA,NA,NA
"36","067",43.02,"Census Tract 43.02, Onondaga County, New York",6462,9566,16500,612,1029,396,4462,1522,446,1968,768,213,86,25,5,0,159,470,2,468,683,69,5,631,87,8,NA,5960,2015,"36067004302",NA,NA,NA,NA,NA,NA,NA
"36","067",44,"Census Tract 44, Onondaga County, New York",2047,22011,106583,113,149,79,1738,920,53,973,1366,105,21,23,4,4,5,631,182,449,736,10,10,960,99,0,NA,1573,2015,"36067004400",NA,NA,NA,NA,NA,NA,NA
"36","067",45,"Census Tract 45, Onondaga County, New York",4144,43854,79643,230,242,208,3381,2319,144,2476,1664,148,34,68,0,16,66,1549,758,791,1697,0,0,937,421,0,NA,2130,2015,"36067004500",NA,NA,NA,NA,NA,NA,NA
"36","067",46,"Census Tract 46, Onondaga County, New York",5129,71797,94207,1130,123,122,3625,2363,152,2515,602,212,139,0,0,0,175,1927,1520,407,2139,13,0,1041,879,105,NA,1549,2015,"36067004600",NA,NA,NA,NA,NA,NA,NA
"36","067",48,"Census Tract 48, Onondaga County, New York",1602,74150,82143,217,78,20,1280,850,12,867,150,35,0,0,0,35,14,669,590,79,704,6,6,1048,303,6,NA,337,2015,"36067004800",NA,NA,NA,NA,NA,NA,NA
"36","067",49,"Census Tract 49, Onondaga County, New York",1409,34402,41932,379,21,68,882,496,34,530,512,111,49,41,0,21,104,534,277,257,645,19,0,812,437,59,NA,417,2015,"36067004900",NA,NA,NA,NA,NA,NA,NA
"36","067",50,"Census Tract 50, Onondaga County, New York",2662,70132,73333,690,8,108,1950,1424,184,1608,364,124,42,22,0,0,117,1020,683,337,1144,57,38,1145,640,33,NA,645,2015,"36067005000",NA,NA,NA,NA,NA,NA,NA
"36","067",51,"Census Tract 51, Onondaga County, New York",2119,24595,30488,1201,44,322,575,718,146,864,790,322,146,109,0,10,255,784,337,447,1106,135,85,821,675,137,NA,602,2015,"36067005100",NA,NA,NA,NA,NA,NA,NA
"36","067",52,"Census Tract 52, Onondaga County, New York",2075,24219,26538,1467,5,171,299,593,167,760,844,249,121,68,0,17,352,675,206,469,924,106,85,795,613,91,NA,623,2015,"36067005200",NA,NA,NA,NA,NA,NA,NA
"36","067",53,"Census Tract 53, Onondaga County, New York",2004,21359,24545,1604,7,184,264,364,128,492,997,141,67,34,0,0,316,592,121,471,733,58,75,642,754,99,NA,679,2015,"36067005300",NA,NA,NA,NA,NA,NA,NA
"36","067",54,"Census Tract 54, Onondaga County, New York",2842,29423,28854,2162,119,276,381,857,254,1111,1292,314,178,83,0,0,468,852,255,597,1166,174,159,855,995,133,19895,967,2015,"36067005400",NA,NA,NA,NA,NA,NA,NA
"36","067",55,"Census Tract 55, Onondaga County, New York",3337,29386,40852,1199,607,104,1365,1682,96,1778,1192,225,48,93,31,0,254,1732,438,1294,1957,38,2,745,622,91,NA,1460,2015,"36067005500",NA,NA,NA,NA,NA,NA,NA
"36","067",56.01,"Census Tract 56.01, Onondaga County, New York",1399,77344,84706,176,60,82,1102,825,39,864,156,50,32,0,0,18,27,698,576,122,748,21,0,1134,246,14,13845,327,2015,"36067005601",NA,NA,NA,NA,NA,NA,NA
"36","067",56.02,"Census Tract 56.02, Onondaga County, New York",4178,32935,NA,594,464,263,2680,1322,205,1527,412,15,0,8,0,0,0,130,19,111,145,0,0,1170,40,0,NA,4102,2015,"36067005602",NA,NA,NA,NA,NA,NA,NA
"36","067",57,"Census Tract 57, Onondaga County, New York",1846,42266,43750,1018,0,79,665,818,115,933,351,124,105,19,0,0,234,735,469,266,859,17,17,894,497,43,NA,508,2015,"36067005700",NA,NA,NA,NA,NA,NA,NA
"36","067",58,"Census Tract 58, Onondaga County, New York",2569,28803,28125,1799,7,309,436,828,165,993,1211,173,107,47,0,0,362,829,268,561,1002,26,65,877,847,133,NA,622,2015,"36067005800",NA,NA,NA,NA,NA,NA,NA
"36","067",59,"Census Tract 59, Onondaga County, New York",1713,30560,34286,1466,38,109,170,449,185,634,558,234,177,0,9,19,260,545,236,309,779,115,124,781,514,45,NA,519,2015,"36067005900",NA,NA,NA,NA,NA,NA,NA
"36","067",60,"Census Tract 60, Onondaga County, New York",3763,40769,57202,1524,0,344,2150,1636,172,1808,760,129,85,0,0,0,476,1536,1018,518,1665,132,35,806,908,75,NA,829,2015,"36067006000",NA,NA,NA,NA,NA,NA,NA
"36","067",61.01,"Census Tract 61.01, Onondaga County, New York",4017,27295,37222,1965,0,240,1521,1251,99,1350,1251,251,112,93,0,22,653,1481,423,1058,1732,25,25,672,963,174,NA,669,2015,"36067006101",NA,NA,NA,NA,NA,NA,NA
"36","067",61.02,"Census Tract 61.02, Onondaga County, New York",1798,19455,NA,445,285,29,995,650,50,700,576,84,10,0,0,0,336,1343,62,1281,1427,9,0,670,200,46,NA,515,2015,"36067006102",NA,NA,NA,NA,NA,NA,NA
"36","067",61.03,"Census Tract 61.03, Onondaga County, New York",2595,65943,71250,600,0,133,1800,1372,144,1540,240,119,119,0,0,0,104,1041,889,152,1160,26,0,803,502,41,NA,498,2015,"36067006103",NA,NA,NA,NA,NA,NA,NA
